id,type,city,lat,lon,agl_ft,amsl_ft,lit
04-082334,BLDG,PHOENIX,33.439456,-112.087039,12,1080,N
04-022022,POLE,PHOENIX,33.441403,-112.037339,69,1171,U
04-020064,TOWER,PHOENIX,33.441472,-112.055333,105,1196,N
04-085965,TOWER,PHOENIX,33.441892,-112.079764,62,1139,N
04-022012,FENCE,PHOENIX,33.442225,-112.0301,3,1113,U
04-022017,SIGN,PHOENIX,33.442247,-112.031939,16,1124,U
04-022063,BLDG,PHOENIX,33.44225,-112.039692,77,1177,U
04-022011,FENCE,PHOENIX,33.442258,-112.030058,3,1113,U
04-022016,SIGN,PHOENIX,33.442422,-112.031497,16,1125,U
04-022093,POLE,PHOENIX,33.442633,-112.030047,31,1141,U
04-020460,TOWER,PHOENIX,33.442636,-112.085978,170,1243,N
04-022023,POLE,PHOENIX,33.442689,-112.037339,68,1171,U
04-081166,TOWER,PHOENIX,33.442781,-112.093725,85,1156,N
04-022069,BLDG,PHOENIX,33.442883,-112.027117,29,1140,U
04-071377,TOWER,PHOENIX,33.442917,-112.080722,140,1220,N
04-022045,POLE,PHOENIX,33.442931,-112.029892,33,1143,U
04-082013,BLDG,PHOENIX,33.442989,-112.077064,75,1154,N
04-000351,TOWER,PHOENIX,33.443333,-112.054444,105,1197,L
04-066077,BLDG,PHOENIX,33.443339,-112.043942,51,1147,N
04-081925,BLDG,PHOENIX,33.444047,-112.071853,52,1135,N
04-020311,SIGN,PHOENIX,33.444197,-112.036397,70,1172,N
04-023880,SIGN,PHOENIX,33.444536,-112.064869,70,1155,N
04-082015,TOWER,PHOENIX,33.444556,-112.044444,60,1154,N
04-081808,BLDG,PHOENIX,33.444622,-112.08855,34,1105,N
04-000801,STADIUM,PHOENIX,33.445317,-112.067628,220,1302,N
04-000634,TOWER,PHOENIX,33.446028,-112.038611,62,1160,N
04-000131,BLDG,PHOENIX,33.446283,-112.076592,271,1357,R
04-023824,BLDG,PHOENIX,33.44655,-112.074208,270,1356,R
04-072714,BLDG,PHOENIX,33.446833,-112.074056,157,1244,N
04-082081,BLDG,PHOENIX,33.446875,-112.070078,291,1376,R
04-020445,BLDG,PHOENIX,33.447303,-112.073217,282,1371,R
04-080863,POLE,PHOENIX,33.447333,-112.048417,40,1135,N
04-081901,TOWER,PHOENIX,33.447825,-112.060561,68,1154,N
04-000658,BLDG,PHOENIX,33.447881,-112.070319,365,1448,R
04-000458,BLDG,PHOENIX,33.448056,-112.076667,370,1456,R
04-085676,BLDG,PHOENIX,33.448067,-112.058797,75,1165,N
04-084596,BLDG,PHOENIX,33.448375,-112.024033,20,1106,N
04-054224,BLDG,PHOENIX,33.448483,-112.077358,332,1416,U
04-000267,BLDG,PHOENIX,33.448503,-112.075769,358,1445,R
04-094783,BLDG,PHOENIX,33.448597,-112.075392,373,1459,R
04-000349,BLDG,PHOENIX,33.448733,-112.074381,345,1432,R
04-081165,TOWER,PHOENIX,33.448917,-112.061889,74,1161,N
04-000297,TOWER,PHOENIX,33.44895,-112.035231,166,1276,N
04-094236,BLDG,PHOENIX,33.448978,-112.073067,206,1291,N
04-079922,BLDG,PHOENIX,33.449167,-112.075556,94,1181,N
04-081204,TOWER,PHOENIX,33.449433,-112.073667,193,1281,N
04-082065,TOWER,PHOENIX,33.449444,-112.010833,67,1189,N
04-081160,BLDG,PHOENIX,33.449453,-112.079275,106,1193,N
04-000123,BLDG-TWR,PHOENIX,33.449528,-112.077306,227,1313,N
04-000350,BLDG,PHOENIX,33.449925,-112.074708,470,1550,R
04-082680,BLDG,PHOENIX,33.450408,-112.027347,18,1124,N
04-020048,BLDG,PHOENIX,33.450456,-112.074708,397,1484,R
04-023888,TOWER,PHOENIX,33.450528,-112.026556,66,1174,N
04-094805,TOWER,PHOENIX,33.450692,-111.992997,82,1225,U
04-000100,BLDG,PHOENIX,33.450739,-112.073178,520,1602,R
04-066285,TOWER,PHOENIX,33.450869,-112.033853,59,1162,N
04-081311,TOWER,PHOENIX,33.450875,-111.993756,57,1196,N
04-023922,SIGN,PHOENIX,33.451186,-112.039136,72,1171,N
04-082679,BLDG,PHOENIX,33.451228,-112.0281,18,1124,N
04-085019,BLDG,PHOENIX,33.45155,-112.074753,230,1317,R
04-085979,BLDG,PHOENIX,33.451558,-112.067706,316,1405,R
04-086249,BLDG,PHOENIX,33.451569,-112.074011,351,1438,R
04-000414,BLDG,PHOENIX,33.451692,-111.997464,136,1278,N
04-020055,BLDG,PHOENIX,33.451914,-112.073172,342,1429,R
04-072718,BLDG,PHOENIX,33.452292,-112.013617,112,1222,N
04-000723,TOWER,PHOENIX,33.452311,-112.009906,70,1205,N
04-066078,BLDG-TWR,PHOENIX,33.452528,-112.073542,165,1252,N
04-053401,BLDG,PHOENIX,33.452569,-112.065653,182,1273,N
04-062335,POLE,PHOENIX,33.452619,-112.0022,32,1165,N
04-000364,BLDG,PHOENIX,33.452667,-111.989575,161,1318,N
04-070175,BLDG,PHOENIX,33.453056,-112.067778,152,1240,N
04-082031,BLDG,PHOENIX,33.453661,-112.068192,109,1199,N
04-000282,TOWER,PHOENIX,33.45375,-112.016656,190,1307,N
04-080639,BLDG,PHOENIX,33.454167,-112.076944,98,1181,N
04-072713,BLDG,PHOENIX,33.454283,-112.075519,186,1269,N
04-072646,T-L TWR,PHOENIX,33.454364,-111.978272,64,1240,N
04-080615,BLDG,PHOENIX,33.454722,-112.045833,55,1155,N
04-022078,BLDG,PHOENIX,33.454769,-112.042239,171,1275,R
04-080677,BLDG,PHOENIX,33.454828,-112.077156,240,1322,R
04-085974,BLDG,PHOENIX,33.454922,-112.072858,330,1415,R
04-072645,T-L TWR,PHOENIX,33.455022,-111.978272,64,1241,N
04-000018,BLDG-TWR,PHOENIX,33.455089,-112.074181,468,1553,R
04-020050,TOWER,PHOENIX,33.455139,-112.022522,75,1190,N
04-080565,BLDG,PHOENIX,33.455658,-112.068861,304,1390,R
04-086235,BLDG,PHOENIX,33.455833,-112.075833,244,1330,R
04-072643,T-L TWR,PHOENIX,33.455858,-111.978244,62,1241,N
04-063604,BLDG,PHOENIX,33.456053,-112.069825,350,1439,R
04-079914,TOWER,PHOENIX,33.456131,-112.087164,65,1146,U
04-081945,TOWER,PHOENIX,33.456433,-112.038758,51,1158,N
04-081930,BLDG,PHOENIX,33.45685,-112.069378,275,1361,R
04-087851,BLDG,PHOENIX,33.456986,-111.971897,79,1279,N
04-063582,BLDG,PHOENIX,33.457028,-112.074222,242,1327,R
04-085509,BLDG,PHOENIX,33.457069,-112.075347,261,1344,R
04-086048,BLDG,PHOENIX,33.45725,-112.025064,219,1334,U
04-082628,BLDG,PHOENIX,33.457286,-112.065911,287,1374,R
04-063574,BLDG,PHOENIX,33.457308,-111.988231,53,1217,N
04-072467,BLDG,PHOENIX,33.457522,-112.027011,219,1336,R
04-052547,BLDG,PHOENIX,33.458131,-112.070172,93,1179,N
04-053441,TOWER,PHOENIX,33.458411,-111.970947,76,1285,N
04-087379,UTILITY POLE,PHOENIX,33.458558,-112.001636,90,1235,N
04-053186,TOWER,PHOENIX,33.459028,-112.0135,67,1200,N
04-084588,T-L TWR,PHOENIX,33.459731,-112.004,70,1214,N
04-084591,T-L TWR,PHOENIX,33.459739,-112.002861,70,1215,N
04-084590,T-L TWR,PHOENIX,33.459858,-112.004072,70,1212,N
04-084592,T-L TWR,PHOENIX,33.46,-112.002331,70,1217,N
04-084593,T-L TWR,PHOENIX,33.46,-112.001919,70,1217,N
04-066492,BLDG,PHOENIX,33.460161,-111.985297,137,1310,N
04-066089,BLDG,PHOENIX,33.460594,-112.067883,76,1163,N
04-084699,BLDG,PHOENIX,33.460889,-111.997092,60,1216,N
04-063718,TOWER,PHOENIX,33.460961,-112.040356,89,1198,N
04-054060,TOWER,PHOENIX,33.462983,-112.063922,61,1156,N
04-000792,TOWER,PHOENIX,33.463333,-111.981917,80,1265,N
04-084376,BLDG,PHOENIX,33.463375,-112.077206,16,1109,N
04-023910,TOWER,PHOENIX,33.463783,-112.050586,70,1174,N
04-053811,TOWER,PHOENIX,33.464139,-112.202222,91,1147,N
04-000315,TOWER,PHOENIX,33.464269,-111.971744,146,1358,N
04-024118,BLDG,PHOENIX,33.464439,-112.06,290,1392,R
04-081909,TOWER,PHOENIX,33.464639,-112.013333,75,1213,N
04-074744,TOWER,PHOENIX,33.464872,-112.123569,71,1150,N
04-000751,TOWER,PHOENIX,33.4649,-112.112631,84,1172,N
04-000774,TOWER,PHOENIX,33.464911,-111.979389,58,1256,N
04-084382,BLDG,PHOENIX,33.465228,-112.044892,60,1168,N
04-020149,TOWER,PHOENIX,33.465417,-112.027361,65,1191,N
04-082271,BLDG,PHOENIX,33.465833,-111.993056,50,1214,N
04-071242,BLDG,PHOENIX,33.466097,-112.029797,22,1146,N
04-072794,BLDG,PHOENIX,33.467778,-111.948611,30,1344,N
04-080899,BLDG,SCOTTSDALE,33.467917,-111.943333,63,1348,N
04-020270,TOWER,PHOENIX,33.4705,-111.966583,80,1349,N
04-071338,BLDG,PHOENIX,33.471014,-111.986686,58,1243,N
04-000787,TOWER,PHOENIX,33.472108,-112.156358,69,1154,N
04-084589,T-L TWR,PHOENIX,33.472481,-112.006828,65,1222,N
04-054001,TOWER,PHOENIX,33.473,-112.104917,68,1159,N
04-062241,POLE,PHOENIX,33.473022,-111.985311,33,1220,N
04-081128,BLDG,PHOENIX,33.473111,-112.06525,69,1164,N
04-081902,TOWER,PHOENIX,33.473444,-112.003667,68,1231,N
04-095184,BLDG,PHOENIX,33.474722,-111.999167,15,1176,N
04-085716,BLDG,PHOENIX,33.474722,-111.999567,15,1176,N
04-094005,T-L TWR,PHOENIX,33.474756,-112.066503,65,1162,N
04-094004,T-L TWR,PHOENIX,33.474772,-112.067192,64,1160,N
04-094003,T-L TWR,PHOENIX,33.474775,-112.067697,64,1160,N
04-094002,T-L TWR,PHOENIX,33.474778,-112.068239,64,1160,N
04-094001,T-L TWR,PHOENIX,33.474783,-112.069153,65,1160,N
04-094000,T-L TWR,PHOENIX,33.474894,-112.069339,65,1160,N
04-093999,T-L TWR,PHOENIX,33.475208,-112.069339,68,1163,N
04-093998,T-L TWR,PHOENIX,33.475728,-112.069336,73,1169,N
04-093997,T-L TWR,PHOENIX,33.476294,-112.069333,77,1173,N
04-093996,T-L TWR,PHOENIX,33.476789,-112.069333,77,1173,N
04-093995,T-L TWR,PHOENIX,33.477364,-112.069331,73,1170,N
04-000004,TOWER,PHOENIX,33.477794,-112.002794,404,1573,D
04-093994,T-L TWR,PHOENIX,33.477908,-112.069331,68,1166,N
04-081157,T-L TWR,PHOENIX,33.478303,-111.969183,70,1304,N
04-081159,TOWER,PHOENIX,33.478522,-112.059442,72,1179,N
04-053965,TOWER,PHOENIX,33.478528,-111.976667,70,1280,N
04-093993,T-L TWR,PHOENIX,33.47855,-112.069328,68,1166,N
04-000066,TOWER,SCOTTSDALE,33.478814,-111.940364,207,1472,R
04-093992,T-L TWR,PHOENIX,33.479225,-112.069303,68,1166,N
04-020141,BLDG,PHOENIX,33.479297,-112.042836,214,1338,R
04-085308,BLDG,PHOENIX,33.479394,-112.031533,47,1182,N
04-084677,BLDG,PHOENIX,33.479444,-112.043333,54,1174,N
04-081915,BLDG-TWR,PHOENIX,33.479625,-112.030858,65,1202,N
04-000416,TOWER,PHOENIX,33.479739,-112.001614,304,1477,D
04-093991,T-L TWR,PHOENIX,33.479817,-112.069319,65,1164,N
04-093990,T-L TWR,PHOENIX,33.480119,-112.070175,59,1158,N
04-093989,T-L TWR,PHOENIX,33.480119,-112.070886,59,1158,N
04-093988,T-L TWR,PHOENIX,33.480122,-112.071733,59,1158,N
04-093987,T-L TWR,PHOENIX,33.480139,-112.075169,62,1160,N
04-093986,T-L TWR,PHOENIX,33.480144,-112.075803,64,1162,N
04-093984,T-L TWR,PHOENIX,33.480144,-112.078706,64,1161,N
04-093985,T-L TWR,PHOENIX,33.480153,-112.076567,64,1162,N
04-093983,T-L TWR,PHOENIX,33.480172,-112.079492,59,1156,N
04-093982,T-L TWR,PHOENIX,33.480181,-112.080256,59,1156,N
04-093981,T-L TWR,PHOENIX,33.480253,-112.084314,64,1161,N
04-093980,T-L TWR,PHOENIX,33.480281,-112.085267,64,1161,N
04-093979,T-L TWR,PHOENIX,33.4803,-112.086328,64,1161,N
04-093978,T-L TWR,PHOENIX,33.480319,-112.087589,64,1160,N
04-093977,T-L TWR,PHOENIX,33.480336,-112.088836,64,1160,N
04-066106,TOWER,PHEONIX,33.480406,-111.959072,68,1330,N
04-020213,TOWER,PHOENIX,33.480517,-111.968383,120,1352,N
04-093976,T-L TWR,PHOENIX,33.480606,-112.092672,59,1156,N
04-093975,T-L TWR,PHOENIX,33.480619,-112.093431,64,1161,N
04-093974,T-L TWR,PHOENIX,33.48065,-112.096694,64,1161,N
04-093973,T-L TWR,PHOENIX,33.480739,-112.101225,64,1162,N
04-093959,T-L TWR,PHOENIX,33.480742,-112.11055,64,1166,N
04-093971,T-L TWR,PHOENIX,33.480742,-112.1025,64,1163,N
04-093970,T-L TWR,PHOENIX,33.480744,-112.103147,64,1164,N
04-093958,T-L TWR,PHOENIX,33.48075,-112.11055,62,1165,N
04-093969,T-L TWR,PHOENIX,33.48075,-112.103731,64,1164,N
04-093968,T-L TWR,PHOENIX,33.480756,-112.104286,64,1163,N
04-093967,T-L TWR,PHOENIX,33.480761,-112.104958,64,1164,N
04-093966,T-L TWR,PHOENIX,33.480767,-112.105597,64,1163,N
04-093960,T-L TWR,PHOENIX,33.480769,-112.1098,62,1162,N
04-093965,T-L TWR,PHOENIX,33.480775,-112.106264,64,1164,N
04-093961,T-L TWR,PHOENIX,33.480786,-112.109056,64,1164,N
04-093964,T-L TWR,PHOENIX,33.480789,-112.106986,64,1164,N
04-093963,T-L TWR,PHOENIX,33.480794,-112.107708,64,1164,N
04-093962,T-L TWR,PHOENIX,33.4808,-112.108369,64,1164,N
04-020143,TOWER,PHOENIX,33.480875,-112.219597,75,1142,N
04-082054,TOWER,PHOENIX,33.480878,-112.002925,54,1226,N
04-080749,TOWER,PHOENIX,33.480942,-112.035358,70,1192,N
04-081164,TOWER,PHOENIX,33.480986,-112.019653,74,1226,N
04-081167,TOWER,PHOENIX,33.481131,-111.998169,60,1240,N
04-023827,TOWER,PHOENIX,33.481742,-112.150814,69,1165,N
04-094828,TOWER,PHOENIX,33.481806,-112.013972,60,1221,N
04-000759,TOWER,SCOTTSDALE,33.482306,-111.942333,130,1394,N
04-080904,BLDG,PHOENIX,33.482364,-112.071361,66,1166,N
04-085160,BLDG,PHOENIX,33.482394,-111.986339,105,1305,N
04-000347,BLDG,PHOENIX,33.4825,-112.073333,338,1440,U
04-084582,BLDG,PHOENIX,33.482667,-112.071306,74,1174,N
04-052990,POLE,PHOENIX,33.483083,-112.100528,82,1182,N
04-070108,BLDG,PHOENIX,33.48425,-112.068361,70,1173,N
04-000261,BLDG,PHOENIX,33.485556,-112.074444,316,1422,R
04-023740,TOWER,PHOENIX,33.485572,-112.243339,75,1130,N
04-020057,BLDG,PHOENIX,33.485833,-112.073056,204,1306,R
04-081201,TOWER,PHOENIX,33.486433,-112.005703,72,1250,N
04-000346,BLDG,PHOENIX,33.486944,-112.074444,363,1475,U
04-000110,TOWER,PHOENIX,33.489167,-112.141667,260,1367,R
04-023795,POLE,PHOENIX,33.489778,-112.022722,67,1231,N
04-053941,UTILITY POLE,PHOENIX,33.490461,-111.958825,75,1340,N
04-000769,TOWER,PHOENIX,33.491,-111.982258,71,1298,N
04-087765,TOWER,PHOENIX,33.491197,-111.981428,80,1310,N
04-000383,TOWER,PHOENIX,33.491667,-112.074444,242,1353,R
04-000348,BLDG,PHOENIX,33.4925,-112.075278,288,1400,U
04-066705,TOWER,PHOENIX,33.492611,-112.037028,66,1211,N
04-085380,BLDG,PHOENIX,33.493142,-112.009078,14,1205,N
04-023932,TOWER,PHOENIX,33.493528,-112.230817,68,1141,N
04-000379,TOWER,PHOENIX,33.493611,-112.139444,183,1290,N
04-087145,TOWER,PHOENIX,33.493994,-112.016361,45,1229,N
04-000230,BLDG,PHOENIX,33.494167,-112.072778,308,1423,R
04-053827,TOWER,PHOENIX,33.494506,-112.259233,70,1114,N
04-006030,TOWER,PHOENIX,33.495,-112.143056,132,1212,U
04-087279,POLE,PHOENIX,33.495269,-112.029039,43,1203,N
04-023928,TOWER,PHOENIX,33.495461,-112.031425,65,1222,N
04-024043,TOWER,PHOENIX,33.495833,-112.039972,68,1214,N
04-053728,TOWER,PHOENIX,33.49975,-112.081417,80,1195,N
04-023801,BLDG,SCOTTSDALE,33.5,-111.924833,88,1358,N
04-062380,TOWER,PHOENIX,33.501806,-111.946083,72,1382,N
04-052383,POLE,PHOENIX,33.502536,-112.252183,72,1127,N
04-053298,TOWER,PHOENIX,33.503678,-111.967961,47,1370,N
04-053958,BLDG,PHOENIX,33.504333,-112.03075,57,1228,N
04-081889,TOWER,PHOENIX,33.50525,-112.282639,73,1107,N
04-023930,TOWER,PHOENIX,33.506517,-112.149964,104,1238,N
04-000433,TOWER,GLENDALE,33.508056,-112.218056,183,1280,R
04-000757,TOWER,PHOENIX,33.508278,-112.219722,68,1165,N
04-080645,BLDG,GLENDALE,33.51,-112.267222,40,1077,N
04-023613,BLDG,PHOENIX,33.510089,-112.030797,158,1337,N
04-024134,TOWER,GLENDALE,33.510092,-112.172267,75,1204,N
04-071245,BLDG,GLENDALE,33.511564,-112.270539,40,1088,N
04-000618,TOWER,GLENDALE,33.511764,-112.271789,85,1131,N
04-079903,BLDG,GLENDALE,33.512389,-112.295306,18,1049,N
04-020081,POLE,PHOENIX,33.5151,-112.296108,117,1159,N
04-062320,TOWER,PHOENIX,33.516111,-112.277056,67,1113,N
04-072696,BLDG,PHOENIX,33.516164,-112.274706,40,1088,N
04-021279,FENCE,GLENDALE,33.517211,-112.300692,16,1048,U
04-052767,TOWER,PHOENIX,33.518586,-112.045936,120,1292,N
04-082292,TANK,GLENDALE,33.51865,-112.302917,21,1058,N
04-021278,FENCE,GLENDALE,33.519011,-112.298928,10,1047,U
04-000650,TOWER,GLENDALE,33.519444,-112.303611,120,1157,R
04-066201,BLDG,PHOENIX,33.519917,-112.291722,35,1068,N
04-071251,POLE,GLENDALE,33.520539,-112.291772,33,1077,N
04-071252,POLE,GLENDALE,33.520622,-112.291375,33,1078,N
04-053030,BLDG,GLENDALE,33.520719,-112.271208,56,1111,N
04-071253,POLE,GLENDALE,33.520933,-112.291406,33,1078,N
04-071254,POLE,GLENDALE,33.521044,-112.291019,33,1079,N
04-071346,BLDG,PHOENIX,33.521139,-112.278217,43,1097,N
04-071344,BLDG,PHOENIX,33.521153,-112.275544,42,1096,N
04-070178,BLDG,PHOENIX,33.521231,-112.276692,58,1111,N
04-071347,BLDG,PHOENIX,33.521242,-112.279331,45,1099,N
04-071255,POLE,GLENDALE,33.521386,-112.291058,33,1080,N
04-071256,POLE,GLENDALE,33.521528,-112.290681,33,1080,N
04-071345,BLDG,PHOENIX,33.521639,-112.276797,42,1096,N
04-071257,POLE,GLENDALE,33.521867,-112.290764,33,1083,N
04-086070,BLDG,GLENDALE,33.521944,-112.267778,135,1194,N
04-071258,POLE,GLENDALE,33.522036,-112.2904,33,1079,N
04-021277,CATENARY,GLENDALE,33.522292,-112.303403,112,1150,U
04-071259,POLE,GLENDALE,33.522369,-112.290522,19,1072,N
04-071260,POLE,GLENDALE,33.522572,-112.2902,19,1076,N
04-071261,POLE,GLENDALE,33.522889,-112.290347,19,1072,N
04-081979,BLDG,GLENDALE,33.523061,-112.254664,30,1097,N
04-071262,POLE,GLENDALE,33.523153,-112.290031,19,1069,N
04-082000,TOWER,GLENDALE,33.523278,-112.246667,85,1160,N
04-071263,POLE,GLENDALE,33.523392,-112.28995,19,1069,N
04-071264,POLE,GLENDALE,33.523492,-112.290206,19,1068,N
04-021276,T-L TWR,GLENDALE,33.524692,-112.30175,131,1171,U
04-021275,T-L TWR,GLENDALE,33.524942,-112.302181,101,1141,U
04-063724,POLE,GLENDALE,33.525111,-112.270039,170,1234,R
04-063721,POLE,GLENDALE,33.525347,-112.271144,170,1234,R
04-072419,BLDG,CITY OF GLENDALE,33.525944,-112.271761,81,1143,N
04-053402,POLE,GLENDALE,33.526028,-112.187917,70,1209,N
04-080635,BLDG,GLENDALE,33.526083,-112.266861,48,1113,N
04-063723,POLE,GLENDALE,33.526167,-112.269944,170,1234,R
04-063722,POLE,GLENDALE,33.526308,-112.270619,170,1234,R
04-023834,POLE,SCOTTSDALE,33.526647,-111.908514,84,1354,N
04-081887,BLDG,GLENDALE,33.526706,-112.266203,40,1105,N
04-081888,BLDG,GLENDALE,33.526792,-112.266469,35,1100,N
04-081885,BLDG,GLENDALE,33.526878,-112.266469,35,1100,N
04-081886,BLDG,GLENDALE,33.526906,-112.266103,40,1105,N
04-021274,T-L TWR,GLENDALE,33.527053,-112.300006,124,1166,U
04-020273,STADIUM,GLENDALE,33.527217,-112.26125,212,1276,R
04-087112,BLDG,GLENDALE,33.527722,-112.2705,45,1109,N
04-021273,T-L TWR,GLENDALE,33.529511,-112.298894,144,1189,U
04-087764,TOWER,PHOENIX,33.529775,-112.044122,70,1283,N
04-052994,POLE,GLENDALE,33.530072,-112.269158,69,1129,N
04-052973,POLE,GLENDALE,33.530444,-112.265097,30,1100,N
04-087111,BLDG,GLENDALE,33.531625,-112.281997,90,1143,N
04-071295,TOWER,PHOENIX,33.5321,-112.122297,310,1482,R
04-000017,TOWER,PHOENIX,33.533097,-112.122397,309,1482,R
04-021280,FENCE,GLENDALE,33.533225,-112.289892,7,1076,U
04-021281,FENCE,GLENDALE,33.533306,-112.289886,7,1076,U
04-071302,TOWER,PHOENIX,33.534086,-112.122478,308,1483,R
04-021282,BLDG,GLENDALE,33.53445,-112.292481,16,1079,U
04-021283,FENCE,GLENDALE,33.535017,-112.291672,9,1077,R
04-071303,TOWER,PHOENIX,33.535064,-112.122544,306,1482,R
04-021285,FENCE,GLENDALE,33.535147,-112.289833,8,1079,U
04-052681,BLDG,GLENDALE,33.535572,-112.291803,28,1095,N
04-052682,BLDG,GLENDALE,33.535703,-112.291964,35,1102,N
04-085871,BLDG,GLENDALE,33.535739,-112.256522,60,1140,N
04-021287,FENCE,GLENDALE,33.535931,-112.290417,15,1088,R
04-053390,SIGN,GLENDALE,33.535989,-112.270614,66,1130,N
04-052701,BLDG,GLENDALE,33.536039,-112.291747,35,1102,N
04-052700,BLDG,GLENDALE,33.536061,-112.291539,28,1095,N
04-023892,BLDG,GLENDALE,33.536172,-112.293294,35,1101,N
04-023775,TOWER,GLENDALE,33.536222,-112.171528,69,1232,N
04-084518,TOWER,GLENDALE,33.536225,-112.296381,64,1124,N
04-084517,TOWER,GLENDALE,33.536228,-112.297428,64,1117,N
04-084516,TOWER,GLENDALE,33.536231,-112.298428,55,1107,N
04-084515,TOWER,GLENDALE,33.536233,-112.299431,64,1117,N
04-084514,TOWER,GLENDALE,33.536239,-112.300544,64,1117,N
04-084513,TOWER,GLENDALE,33.536242,-112.301661,64,1116,N
04-084512,TOWER,GLENDALE,33.536244,-112.302692,64,1118,N
04-084511,TOWER,GLENDALE,33.536247,-112.303836,64,1119,N
04-084510,TOWER,GLENDALE,33.536253,-112.304942,64,1118,N
04-084509,TOWER,GLENDALE,33.536256,-112.306008,64,1120,N
04-021284,POLE,GLENDALE,33.536314,-112.292792,38,1106,U
04-021286,POLE,GLENDALE,33.536331,-112.292128,36,1108,U
04-021289,POLE,GLENDALE,33.536353,-112.288467,42,1114,U
04-021288,POLE,GLENDALE,33.536542,-112.2918,36,1109,U
04-084519,TOWER,GLENDALE,33.536667,-112.310897,62,1121,N
04-021290,POLE,GLENDALE,33.536692,-112.287197,75,1144,U
04-054257,BLDG,GLENDALE,33.536817,-112.292194,59,1131,N
04-082496,BLDG,GLENDALE,33.536944,-112.255833,26,1107,N
04-066456,BLDG,GLENDALE,33.537014,-112.285992,60,1127,N
04-084520,TOWER,GLENDALE,33.537678,-112.310894,64,1123,N
04-066424,TOWER,GLENDALE,33.539081,-112.173275,68,1232,N
04-053048,TOWER,PARADISE VALLEY,33.539167,-111.8675,65,1367,N
04-023836,POLE,GLENDALE,33.539694,-112.195831,78,1220,N
04-054083,TOWER,PHOENIX,33.539972,-112.041889,60,1335,N
04-084521,TOWER,GLENDALE,33.540233,-112.3106,68,1095,N
04-084522,TOWER,GLENDALE,33.540889,-112.310603,73,1100,N
04-082001,TOWER,GLENDALE,33.541444,-112.283606,67,1146,N
04-084537,TOWER,GLENDALE,33.541658,-112.310606,77,1103,N
04-086083,BLDG,GLENDALE,33.541689,-112.280978,42,1109,N
04-052868,BLDG,GLENDALE,33.542192,-112.275181,48,1118,N
04-053284,BLDG,GLENDALE,33.542639,-112.275278,51,1121,N
04-093283,TOWER,GLENDALE,33.543367,-112.297858,78,1154,U
04-093713,BLDG,GLENDALE,33.543447,-112.278347,55,1125,N
04-094339,BLDG,GLENDALE,33.543917,-112.287778,40,1121,N
04-094338,BLDG,GLENDALE,33.543917,-112.289444,40,1121,N
04-024105,TOWER,SCOTTSDALE,33.544247,-111.892353,72,1374,N
04-084536,TOWER,GLENDALE,33.544433,-112.311242,73,1109,N
04-084535,TOWER,GLENDALE,33.545186,-112.311247,68,1106,N
04-094340,BLDG,GLENDALE,33.5455,-112.287778,40,1121,N
04-094337,BLDG,GLENDALE,33.5455,-112.289444,40,1121,N
04-084534,TOWER,GLENDALE,33.546072,-112.311256,64,1108,N
04-080561,STACK,GLENDALE,33.546389,-112.285278,35,1116,N
04-052941,POLE,GLENDALE,33.546389,-112.204164,55,1192,N
04-084533,TOWER,GLENDALE,33.547228,-112.311264,64,1107,N
04-081895,TOWER,PEORIA,33.547417,-112.271639,85,1163,N
04-086274,BLDG,GLENDALE,33.5481,-112.271978,60,1133,N
04-066271,BLDG,GLENDALE,33.548139,-112.262694,72,1156,N
04-084532,TOWER,GLENDALE,33.548428,-112.311275,64,1115,N
04-086107,SOLAR PANELS,GLENDALE,33.548981,-112.286044,10,1100,U
04-086104,SOLAR PANELS,GLENDALE,33.548983,-112.287364,10,1100,U
04-086108,SOLAR PANELS,GLENDALE,33.548986,-112.285361,10,1100,U
04-086103,SOLAR PANELS,GLENDALE,33.548992,-112.286408,10,1100,U
04-086105,SOLAR PANELS,GLENDALE,33.549117,-112.286044,10,1100,U
04-086101,SOLAR PANELS,GLENDALE,33.549119,-112.287369,10,1100,U
04-086106,SOLAR PANELS,GLENDALE,33.549125,-112.285361,10,1100,U
04-086102,SOLAR PANELS,GLENDALE,33.549128,-112.286408,10,1100,U
04-086099,SOLAR PANELS,GLENDALE,33.549164,-112.287369,10,1100,U
04-086100,SOLAR PANELS,GLENDALE,33.549169,-112.286414,10,1100,U
04-086097,SOLAR PANELS,GLENDALE,33.549297,-112.287372,10,1100,U
04-086098,SOLAR PANELS,GLENDALE,33.549308,-112.286414,10,1100,U
04-086677,SIGN,GLENDALE,33.549361,-112.263528,80,1180,N
04-084531,TOWER,GLENDALE,33.549681,-112.311286,68,1120,N
04-062149,SIGN,EL MIRAGE,33.551722,-112.333186,65,1146,N
04-000754,TOWER,PHOENIX,33.552322,-112.151131,67,1262,N
04-000758,TOWER,PHOENIX,33.552331,-112.101106,69,1282,N
04-024127,TOWER,PHOENIX,33.552333,-112.072694,65,1282,N
04-084530,TOWER,GLENDALE,33.552444,-112.311642,64,1132,N
04-084529,TOWER,GLENDALE,33.553261,-112.311647,64,1134,N
04-023915,TOWER,PHOENIX,33.554056,-112.150722,73,1268,N
04-084528,TOWER,GLENDALE,33.554097,-112.311656,68,1134,N
04-000753,TOWER,PEORIA,33.554667,-112.234778,84,1197,N
04-084527,TOWER,GLENDALE,33.554897,-112.311661,64,1139,N
04-023776,TOWER,GLENDALE,33.555194,-112.199556,77,1225,N
04-000791,TOWER,GLENDALE,33.555422,-112.204636,72,1216,N
04-084526,TOWER,GLENDALE,33.555711,-112.311669,64,1139,N
04-094065,TOWER,PEORIA,33.556333,-112.237483,122,1230,U
04-084525,TOWER,GLENDALE,33.556522,-112.311675,64,1135,N
04-084524,TOWER,GLENDALE,33.557322,-112.311681,64,1135,N
04-054108,BLDG,SCOTTSDALE,33.557686,-111.885547,40,1366,N
04-053129,POLE,PEORIA,33.557947,-112.295756,65,1173,N
04-084523,TOWER,GLENDALE,33.558175,-112.311689,64,1139,N
04-094716,BLDG,EL MIRAGE,33.560033,-112.336292,35,1126,N
04-094717,BLDG,EL MIRAGE,33.560542,-112.340522,35,1126,N
04-072661,T-L TWR,EL MIRAGE,33.5622,-112.333406,62,1159,N
04-082565,TOWER,GLENDALE,33.562556,-112.325389,80,1171,N
04-072662,T-L TWR,EL MIRAGE,33.562608,-112.3335,62,1160,N
04-072660,T-L TWR,EL MIRAGE,33.563056,-112.333411,64,1162,N
04-072663,T-L TWR,EL MIRAGE,33.563361,-112.333503,64,1162,N
04-072659,T-L TWR,EL MIRAGE,33.563911,-112.333414,64,1162,N
04-094991,POLE,WADDELL,33.564047,-112.334336,131,1218,N
04-094914,POLE,WADDELL,33.564047,-112.333836,131,1220,N
04-072664,T-L TWR,EL MIRAGE,33.564117,-112.333508,64,1162,N
04-070110,BLDG,EL MIRAGE,33.564167,-112.340278,35,1136,N
04-086587,BLDG,EL MIRAGE,33.564203,-112.340006,30,1111,N
04-053710,TOWER,PEORIA,33.564667,-112.255778,65,1175,N
04-094931,POLE,WADDELL,33.564753,-112.311747,62,1142,N
04-072658,T-L TWR,EL MIRAGE,33.564767,-112.333419,64,1162,N
04-072665,T-L TWR,EL MIRAGE,33.564869,-112.333511,64,1162,N
04-094921,POLE,WADDELL,33.565075,-112.324958,151,1244,N
04-094923,POLE,WADDELL,33.565078,-112.320828,130,1217,N
04-094922,POLE,WADDELL,33.565078,-112.322947,145,1229,N
04-094925,POLE,WADDELL,33.565081,-112.317122,145,1212,N
04-094924,POLE,WADDELL,33.565083,-112.318822,130,1221,N
04-094926,POLE,WADDELL,33.565083,-112.315425,145,1217,N
04-094927,POLE,WADDELL,33.565083,-112.313728,145,1221,N
04-094928,POLE,WADDELL,33.565086,-112.311808,131,1225,N
04-094929,POLE,WADDELL,33.5651,-112.310019,130,1224,N
04-094930,POLE,WADDELL,33.565117,-112.308233,131,1211,N
04-094915,POLE,WADDELL,33.565156,-112.333811,140,1229,N
04-094932,POLE,WADDELL,33.565164,-112.307714,140,1223,N
04-094676,POLE,WADDELL,33.565322,-112.334344,145,1235,N
04-072656,T-L TWR,EL MIRAGE,33.565619,-112.332886,68,1168,N
04-072657,T-L TWR,EL MIRAGE,33.565622,-112.333422,62,1162,N
04-072667,T-L TWR,EL MIRAGE,33.565628,-112.333514,68,1167,N
04-094920,POLE,WADDELL,33.565811,-112.324978,151,1250,N
04-094919,POLE,WADDELL,33.565833,-112.326928,145,1245,N
04-094918,POLE,WADDELL,33.565844,-112.328814,130,1231,N
04-094917,POLE,WADDELL,33.565858,-112.3305,130,1226,N
04-094916,POLE,WADDELL,33.565878,-112.332781,140,1234,N
04-082184,BLDG,GLENDALE,33.566239,-112.338094,8,1102,N
04-082183,POLE,GLENDALE,33.566272,-112.337872,6,1100,N
04-082181,BLDG,GLENDALE,33.566278,-112.337811,8,1102,N
04-082180,BLDG,GLENDALE,33.566383,-112.337914,7,1101,N
04-082179,BLDG,GLENDALE,33.566386,-112.337983,6,1100,N
04-094677,POLE,WADDELL,33.566392,-112.332914,140,1235,N
04-082182,POLE,GLENDALE,33.5664,-112.337961,10,1104,N
04-082186,BLDG,GLENDALE,33.566411,-112.337781,8,1102,N
04-082185,BLDG,GLENDALE,33.566414,-112.338092,8,1102,N
04-085732,BLDG,EL MIRAGE,33.566681,-112.339797,48,1135,N
04-023864,TOWER,PEORIA,33.566708,-112.271672,55,1153,N
04-082082,BLDG,PEORIA,33.567222,-112.255833,32,1144,N
04-072593,UTILITY POLE,PEORIA,33.567533,-112.305378,57,1163,N
04-023936,TOWER,PEORIA,33.567731,-112.253681,62,1173,N
04-054030,TOWER,PHOENIX,33.568194,-112.150556,80,1293,N
04-072591,T-L TWR,PEORIA,33.568233,-112.305347,100,1206,N
04-094678,POLE,WADDELL,33.56825,-112.332928,130,1227,N
04-054102,BLDG,PEORIA,33.568333,-112.255556,32,1145,N
04-072592,T-L TWR,PEORIA,33.568572,-112.305356,57,1163,N
04-094990,POLE,WADDELL,33.570106,-112.332928,130,1229,N
04-085555,BLDG,EL MIRAGE,33.571778,-112.322361,45,1147,N
04-094682,POLE,WADDELL,33.571964,-112.332936,130,1235,N
04-094246,POLE,EL MIRAGE,33.572478,-112.329839,133,1242,U
04-094247,POLE,EL MIRAGE,33.572503,-112.332939,133,1235,U
04-081071,T-L TWR,PHOENIX,33.5726,-112.116611,136,1374,N
04-094245,POLE,EL MIRAGE,33.572931,-112.330278,133,1241,U
04-094244,POLE,EL MIRAGE,33.572939,-112.332997,133,1236,U
04-080717,BLDG,EL MIRAGE,33.573583,-112.348389,38,1144,N
04-085004,BLDG,EL MIRAGE,33.573736,-112.344781,55,1161,N
04-094989,POLE,WADDELL,33.573822,-112.332944,130,1236,N
04-081072,T-L TWR,PHOENIX,33.574117,-112.116603,146,1385,N
04-094975,TOWER,EL MIRAGE,33.574475,-112.3203,85,1183,U
04-000623,TOWER,PHOENIX,33.575278,-111.907222,38,1382,N
04-082304,BLDG-TWR,SCOTTSDALE,33.575581,-111.907544,37,1384,N
04-094681,POLE,WADDELL,33.575681,-112.332953,130,1238,N
04-081073,T-L TWR,PHOENIX,33.575686,-112.116542,146,1387,N
04-081074,T-L TWR,PHOENIX,33.577278,-112.116533,136,1379,N
04-094675,POLE,WADDELL,33.577536,-112.332958,130,1242,N
04-094831,TOWER,SUN CITY,33.578889,-112.289222,53,1172,U
04-081362,T-L TWR,EL MIRAGE,33.57895,-112.341664,64,1182,N
04-052605,TOWER,PEORIA,33.579131,-112.233819,65,1206,N
04-094680,POLE,WADDELL,33.579394,-112.332967,131,1245,N
04-094679,POLE,WADDELL,33.579411,-112.335033,130,1241,N
04-094683,POLE,WADDELL,33.579428,-112.3371,130,1238,N
04-094684,POLE,WADDELL,33.579442,-112.339169,130,1237,N
04-094685,POLE,WADDELL,33.579461,-112.341333,150,1256,N
04-081363,T-L TWR,EL MIRAGE,33.579714,-112.341611,64,1183,N
04-094710,POLE,WADDELL,33.579811,-112.342194,150,1257,N
04-094709,POLE,WADDELL,33.579831,-112.344358,145,1251,N
04-094708,POLE,WADDELL,33.57985,-112.346522,130,1238,N
04-094707,POLE,WADDELL,33.579903,-112.350753,130,1245,N
04-094706,POLE,WADDELL,33.579919,-112.3528,130,1247,N
04-081364,T-L TWR,EL MIRAGE,33.580431,-112.341669,64,1184,N
04-063761,TOWER,PEORIA,33.5814,-112.266572,80,1195,N
04-085010,TOWER,PEORIA,33.581847,-112.265231,116,1234,N
04-063588,TOWER,PHOENIX,33.582167,-111.959278,72,1430,N
04-094674,BLDG,SCOTTSDALE,33.582444,-111.924097,20,1375,N
04-020144,TOWER,PHOENIX,33.582611,-112.133333,54,1298,N
04-094899,TOWER,PHOENIX,33.582622,-112.085706,70,1377,N
04-053439,BLDG,SCOTTSDALE,33.582714,-111.922847,24,1383,N
04-066108,BLDG,SCOTTSDALE,33.583611,-111.893889,24,1384,N
04-000788,TOWER,SCOTTSDALE,33.583694,-111.972556,72,1439,N
04-023615,TOWER,SCOTTSDALE,33.584367,-111.88925,64,1438,N
04-000770,TOWER,SCOTTSDALE,33.585061,-111.890306,85,1485,N
04-080856,TOWER,SURPRISE,33.585778,-112.352333,83,1206,N
04-081065,TOWER,SURPRISE,33.593528,-112.353347,55,1189,N
04-000080,TOWER,PHOENIX,33.593611,-112.086667,36,2178,U
04-059157,TOWER,PHOENIX,33.593967,-112.086631,140,2283,N
04-000457,TOWER,PHOENIX,33.594444,-112.087778,192,2274,N
04-000081,TOWER,PHOENIX,33.594722,-112.087778,140,2222,N
04-086042,BLDG,PRESCOTT,33.594722,-112.342778,40,1172,N
04-086043,BLDG,PRESCOTT,33.594722,-112.346667,40,1172,N
04-000456,TOWER,PHOENIX,33.595,-112.086944,138,2230,N
04-054278,POLE,PEORIA,33.595,-112.258639,105,1242,N
04-086041,BLDG,PRESCOTT,33.595278,-112.342778,40,1172,N
04-086044,BLDG,PRESCOTT,33.595278,-112.346667,40,1172,N
04-086040,BLDG,PRESCOTT,33.595278,-112.343611,40,1172,N
04-086039,BLDG,PRESCOTT,33.595833,-112.343611,40,1172,N
04-086038,BLDG,PRESCOTT,33.595833,-112.346111,40,1172,N
04-086271,BLDG,SURPRISE,33.595942,-112.349961,45,1182,N
04-086270,BLDG,SURPRISE,33.59595,-112.347225,45,1182,N
04-052983,POLE,SCOTTSDALE,33.596019,-111.872469,30,1441,N
04-081934,TOWER,SCOTTSDALE,33.596286,-111.8904,60,1460,N
04-000442,TOWER,PHOENIX,33.596389,-112.092778,392,2358,R
04-086268,BLDG,SURPRISE,33.596803,-112.349967,45,1182,N
04-086269,BLDG,SURPRISE,33.596811,-112.347228,45,1182,N
04-082005,BLDG,SCOTTSDALE,33.597167,-111.878553,30,1442,N
04-082002,BLDG,SCOTTSDALE,33.597183,-111.8804,30,1440,N
04-054154,TOWER,PHOENIX,33.597689,-112.109961,67,1345,N
04-000745,TOWER,PHOENIX,33.598306,-112.012667,69,1479,N
04-006032,TOWER,SUN CITY,33.598611,-112.290278,150,1290,U
04-020147,TOWER,PHOENIX,33.599586,-111.990269,67,1454,U
04-000789,TOWER,PHOENIX,33.600353,-112.117672,71,1369,N
04-082004,BLDG,SCOTTSDALE,33.600611,-111.880381,30,1468,N
04-082003,BLDG,SCOTTSDALE,33.600644,-111.878519,30,1452,N
04-094978,TOWER,PHOENIX,33.602897,-112.118742,69,1354,U
04-053124,TOWER,SCOTTSDALE,33.603444,-111.909944,50,1458,N
04-053069,POLE,SUN CITY,33.605653,-112.280208,95,1250,N
04-024037,TOWER,PHOENIX,33.605997,-111.955428,69,1470,N
04-000393,BLDG,PEORIA,33.606389,-112.256111,94,1246,N
04-079911,BLDG,SCOTTSDALE,33.609039,-111.926811,31,1446,N
04-094904,BLDG,SCOTTSDALE,33.609903,-111.918858,26,1453,N
04-054052,TOWER,EL MIRAGE,33.609922,-112.325858,111,1251,R
04-000307,TANK,SCOTTSDALE,33.610172,-111.918611,153,1579,N
04-020145,TOWER,SCOTTSDALE,33.6105,-111.976194,62,1469,N
04-022262,POLE,SCOTTSDALE,33.611011,-111.925658,43,1483,R
04-000743,TOWER,PEORIA,33.611364,-112.249497,94,1243,N
04-020315,MONUMENT,SCOTTSDALE,33.611425,-111.925486,21,1450,N
04-086892,POLE,SCOTTSDALE,33.611519,-111.922536,39,1469,R
04-024131,POLE,PHOENIX,33.611528,-112.096675,71,1375,N
04-022278,POLE,SCOTTSDALE,33.611644,-111.925647,43,1484,R
04-020222,POLE,SCOTTSDALE,33.611717,-111.878172,38,1489,N
04-022279,BLDG,SCOTTSDALE,33.611744,-111.921378,33,1463,U
04-023835,POLE,PHOENIX,33.611814,-112.097942,82,1388,N
04-094824,POLE,SCOTTSDALE,33.611886,-111.921572,17,1448,N
04-022267,POLE,SCOTTSDALE,33.612028,-111.925669,44,1481,R
04-000786,TOWER,PHOENIX,33.612142,-112.064781,70,1427,N
04-094823,POLE,CITY OF SCOTTSDA,33.612144,-111.921286,17,1449,N
04-094818,POLE,CITY OF SCOTTSDA,33.61235,-111.921006,17,1449,N
04-094819,POLE,CITY OF SCOTTSDA,33.612572,-111.920694,17,1450,N
04-054166,POLE,SCOTTSDALE,33.612644,-111.920603,34,1466,N
04-094820,POLE,CITY OF SCOTTSDA,33.612767,-111.920422,17,1450,N
04-094821,POLE,CITY OF SCOTTSDA,33.612981,-111.920128,17,1450,N
04-022263,POLE,SCOTTSDALE,33.613119,-111.913286,146,1587,U
04-022280,BLDG,SCOTTSDALE,33.613603,-111.917939,61,1498,U
04-022266,FENCE,SCOTTSDALE,33.613628,-111.921222,8,1443,U
04-022281,POLE,SCOTTSDALE,33.614025,-111.918692,34,1472,U
04-094972,BLDG,SCOTTSDALE,33.614167,-111.917778,44,1485,N
04-022282,POLE,SCOTTSDALE,33.614194,-111.918217,36,1476,U
04-023863,BLDG,SCOTTSDALE,33.614253,-111.893211,48,1498,N
04-094973,BLDG,SCOTTSDALE,33.614444,-111.9175,44,1485,N
04-023914,POLE,PEORIA,33.614761,-112.22965,81,1263,N
04-020312,TOWER,EL MIRAGE,33.614833,-112.323972,105,1247,N
04-022283,POLE,SCOTTSDALE,33.614903,-111.918142,18,1459,U
04-022284,BLDG,SCOTTSDALE,33.614944,-111.922672,38,1476,U
04-085090,BLDG,SCOTTSDALE,33.615119,-111.923044,32,1470,N
04-022261,BLDG,SCOTTSDALE,33.615125,-111.921931,27,1467,U
04-022269,SIGN,SCOTTSDALE,33.615281,-111.920003,3,1445,U
04-022260,POLE,SCOTTSDALE,33.615339,-111.917781,17,1459,U
04-022259,BLDG,SCOTTSDALE,33.615419,-111.916944,38,1480,U
04-054140,BLDG,SCOTTSDALE,33.61595,-111.916919,38,1483,R
04-000778,TOWER,SCOTTSDALE,33.616111,-111.913478,77,1524,N
04-053075,BLDG,SCOTTSDALE,33.616142,-111.923517,35,1483,N
04-094781,VERTICAL STRUCTURE,SUN CITY,33.616522,-112.294458,25,1189,U
04-081939,TOWER,SCOTTSDALE,33.617056,-111.906814,62,1516,N
04-022277,POLE,SCOTTSDALE,33.617247,-111.915417,24,1475,U
04-022285,BLDG,SCOTTSDALE,33.617406,-111.920389,72,1520,R
04-071376,BLDG,SCOTTSDALE,33.617456,-111.893847,61,1523,N
04-020155,TOWER,SUN CITY,33.61775,-112.2745,72,1241,N
04-054161,POLE,SCOTTSDALE,33.617767,-111.914794,27,1478,N
04-085714,BLDG,SCOTTSDALE,33.617828,-111.89585,72,1534,N
04-072715,BLDG,SCOTTSDALE,33.617831,-111.921747,35,1486,N
04-085103,BLDG,SCOTTSDALE,33.618031,-111.896597,61,1523,N
04-071352,BLDG,SCOTTSDALE,33.618111,-111.895169,61,1523,N
04-081923,T-L TWR,SCOTTSDALE,33.618397,-111.888656,73,1538,N
04-053707,UTILITY POLE,PHOENIX,33.6185,-111.927417,69,1518,N
04-085015,BLDG,SCOTTSDALE,33.61905,-111.912628,30,1485,N
04-022268,POLE,SCOTTSDALE,33.619564,-111.912922,20,1480,R
04-085731,MONUMENT,SCOTTSDALE,33.619647,-111.907789,55,1515,N
04-024019,BLDG,SCOTTSDALE,33.62,-111.925278,34,1493,N
04-054003,POLE,SCOTTSDALE,33.620325,-111.887344,43,1516,N
04-053992,POLE,SCOTTSDALE,33.620325,-111.887106,62,1535,N
04-087816,BLDG,SCOTTSDALE,33.620339,-111.928528,71,1523,N
04-087818,BLDG,SCOTTSDALE,33.620339,-111.9292,71,1523,N
04-094822,BLDG,SCOTTSDALE,33.620597,-111.892222,25,1497,N
04-087819,BLDG,SCOTTSDALE,33.620647,-111.928511,71,1523,N
04-087817,BLDG,SCOTTSDALE,33.620647,-111.929208,71,1523,N
04-094234,BLDG,PHOENIX,33.621111,-111.929444,73,1525,N
04-086057,BLDG,SCOTTSDALE,33.621169,-111.920644,11,1467,N
04-081168,BLDG-TWR,SCOTTSDALE,33.6213,-111.932736,46,1502,N
04-055420,BLDG,SCOTTSDALE,33.621383,-111.920397,44,1506,N
04-054231,BLDG,SCOTTSDALE,33.621389,-111.901667,27,1498,N
04-072717,BLDG,SCOTTSDALE,33.621406,-111.925006,39,1497,N
04-080775,BLDG,SCOTTSDALE,33.621461,-111.889806,30,1508,N
04-022276,CTRL TWR,SCOTTSDALE,33.621572,-111.910094,105,1574,R
04-054012,POLE,SCOTTSDALE,33.621614,-111.887161,62,1541,N
04-054004,POLE,SCOTTSDALE,33.621614,-111.889214,62,1540,N
04-022264,TOWER,SCOTTSDALE,33.621831,-111.916103,61,1525,R
04-066072,BLDG,SCOTTSDALE,33.622039,-111.909903,37,1508,N
04-082111,BLDG,SCOTTSDALE,33.622056,-111.888417,52,1533,N
04-053799,VERTICAL STRUCTURE,SCOTTSDALE,33.622167,-111.926389,98,1562,N
04-000308,BLDG,SCOTTSDALE,33.622381,-111.914786,75,1541,R
04-066237,BLDG,SCOTTSDALE,33.622417,-111.863194,24,1560,N
04-053993,POLE,SCOTTSDALE,33.622444,-111.890136,62,1540,N
04-086927,TOWER,PHOENIX,33.622594,-111.959717,60,1498,N
04-022271,POLE,SCOTTSDALE,33.622778,-111.909069,24,1497,R
04-020268,TOWER,SCOTTSDALE,33.622967,-111.836575,24,1879,N
04-022272,POLE,SCOTTSDALE,33.623003,-111.908911,26,1500,R
04-054013,POLE,SCOTTSDALE,33.623319,-111.890028,73,1556,N
04-066086,BLDG,SCOTTSDALE,33.623778,-111.931331,90,1552,N
04-022273,BLDG,SCOTTSDALE,33.623881,-111.907303,38,1520,N
04-066261,BLDG,SCOTTSDALE,33.624333,-111.922733,90,1564,N
04-054005,POLE,SCOTTSDALE,33.624433,-111.889892,72,1561,N
04-066202,BLDG,SCOTTSDALE,33.624444,-111.920278,26,1499,N
04-055494,BLDG,SCOTTSDALE,33.624556,-111.921694,10,1481,N
04-080620,POLE,PHOENIX,33.624592,-111.955747,81,1530,N
04-000797,TOWER,PHOENIX,33.624656,-111.943908,78,1537,N
04-054226,BLDG,SCOTTSDALE,33.624689,-111.898475,82,1567,N
04-020060,BLDG,SCOTTSDALE,33.624719,-111.921581,45,1515,N
04-022258,BLDG,SCOTTSDALE,33.6252,-111.909936,22,1503,U
04-020059,BLDG,SCOTTSDALE,33.625336,-111.921608,45,1515,N
04-053994,POLE,SCOTTSDALE,33.625406,-111.889778,64,1559,N
04-082520,BLDG,SCOTTSDALE,33.625639,-111.891858,21,1511,N
04-063617,BLDG,SCOTTSDALE,33.625853,-111.911503,35,1516,N
04-063615,BLDG,SCOTTSDALE,33.625867,-111.912406,35,1516,N
04-062332,BLDG,PHOENIX,33.626006,-111.926686,127,1601,N
04-094333,BLDG,SCOTTSDALE,33.626028,-111.897914,40,1532,N
04-052594,BLDG,SCOTTSDALE,33.626044,-111.92275,61,1540,N
04-054014,POLE,SCOTTSDALE,33.626047,-111.889708,62,1556,N
04-020221,TOWER,SCOTTSDALE,33.626169,-111.844536,24,1747,N
04-059163,BLDG,SCOTTSDALE,33.626333,-111.922278,58,1540,N
04-022275,BLDG,SCOTTSDALE,33.626508,-111.908331,25,1510,U
04-053098,BLDG,SCOTTSDALE,33.626525,-111.896186,23,1518,N
04-024028,TOWER,PHOENIX,33.626667,-112.138556,73,1369,N
04-059159,BLDG,SCOTTSDALE,33.626733,-111.9223,58,1540,N
04-062333,BLDG,PHOENIX,33.626836,-111.927192,150,1624,N
04-054006,POLE,SCOTTSDALE,33.626867,-111.889714,68,1566,N
04-070120,BLDG,SCOTTSDALE,33.626944,-111.908056,42,1530,R
04-080672,TOWER,SCOTTSDALE,33.627075,-111.975153,60,1522,N
04-080665,BLDG,SCOTTSDALE,33.627122,-111.855336,40,1630,N
04-071249,BLDG,SCOTTSDALE,33.627378,-111.903528,43,1537,R
04-059160,BLDG,SCOTTSDALE,33.627433,-111.920589,58,1540,N
04-020285,POLE,SCOTTSDALE,33.627492,-111.916681,45,1526,N
04-082073,BLDG,PHOENIX,33.627503,-111.926244,130,1604,N
04-059161,BLDG,SCOTTSDALE,33.627514,-111.922503,58,1540,N
04-024097,TOWER,SCOTTSDALE,33.627639,-111.900528,55,1553,N
04-086112,POLE,SCOTTSDALE,33.627686,-111.868464,70,1583,U
04-059162,BLDG,SCOTTSDALE,33.627717,-111.920625,58,1540,N
04-020054,BLDG,SCOTTSDALE,33.627778,-111.908611,39,1537,N
04-059165,BLDG,SCOTTSDALE,33.627806,-111.920656,58,1540,N
04-059164,BLDG,SCOTTSDALE,33.627864,-111.922344,58,1540,N
04-023807,TOWER,PHOENIX,33.6279,-112.03025,62,1486,N
04-053995,POLE,SCOTTSDALE,33.628011,-111.889692,68,1570,N
04-086116,POLE,SCOTTSDALE,33.628042,-111.867719,70,1583,U
04-081919,UTILITY POLE,SCOTTSDALE,33.628111,-111.914444,45,1528,N
04-059166,BLDG,SCOTTSDALE,33.628142,-111.920642,58,1540,N
04-020161,POLE,SCOTTSDALE,33.628189,-111.854836,38,1645,N
04-086111,POLE,SCOTTSDALE,33.628219,-111.86885,70,1583,U
04-024136,BLDG,SCOTTSDALE,33.628261,-111.902525,27,1549,N
04-086115,POLE,SCOTTSDALE,33.628358,-111.868106,70,1583,U
04-086120,POLE,SCOTTSDALE,33.628369,-111.866781,70,1592,U
04-059167,BLDG,SCOTTSDALE,33.628525,-111.921919,58,1540,N
04-086110,POLE,SCOTTSDALE,33.628608,-111.869117,70,1584,U
04-071292,BLDG,SCOTTSDALE,33.628694,-111.919433,39,1523,N
04-086122,POLE,SCOTTSDALE,33.6287,-111.86585,70,1592,U
04-086119,POLE,SCOTTSDALE,33.628925,-111.867183,70,1590,U
04-070156,BLDG,SCOTTSDALE,33.628939,-111.908294,42,1536,N
04-086114,POLE,SCOTTSDALE,33.628978,-111.868372,70,1583,U
04-022257,POLE,SCOTTSDALE,33.628989,-111.902008,20,1518,U
04-022265,NAVAID,SCOTTSDALE,33.629103,-111.907825,52,1544,U
04-054015,POLE,SCOTTSDALE,33.629114,-111.889675,73,1579,N
04-023937,BLDG,SCOTTSDALE,33.629167,-111.891944,21,1531,N
04-086109,POLE,SCOTTSDALE,33.629192,-111.869494,70,1584,U
04-086121,POLE,SCOTTSDALE,33.629289,-111.866267,70,1592,U
04-022274,POLE,SCOTTSDALE,33.629356,-111.9051,24,1519,U
04-086118,POLE,SCOTTSDALE,33.629356,-111.867633,70,1588,U
04-086113,POLE,SCOTTSDALE,33.629558,-111.868758,70,1583,U
04-020152,POLE,SCOTTSDALE,33.629861,-111.886058,36,1546,N
04-086117,POLE,SCOTTSDALE,33.629917,-111.867994,70,1588,U
04-024119,BLDG,SCOTTSDALE,33.629919,-111.904517,42,1541,R
04-054007,POLE,SCOTTSDALE,33.629981,-111.889547,82,1591,N
04-020322,BLDG,SCOTTSDALE,33.629994,-111.898153,22,1527,N
04-054261,POLE,SCOTTSDALE,33.630081,-111.900378,30,1533,N
04-023792,BLDG,SCOTTSDALE,33.630222,-111.898889,40,1567,N
04-094070,BLDG,SCOTTSDALE,33.630239,-111.908581,38,1537,N
04-094069,BLDG,SCOTTSDALE,33.630239,-111.908969,38,1537,N
04-022287,FENCE,SCOTTSDALE,33.630386,-111.900292,18,1521,U
04-082189,BLDG,PHOENIX,33.630389,-111.925806,78,1567,N
04-000802,TOWER,PEORIA,33.630417,-112.231278,194,1383,N
04-053224,BLDG,SCOTTSDALE,33.630475,-111.896775,30,1545,N
04-094072,BLDG,SCOTTSDALE,33.630481,-111.908969,38,1537,N
04-094071,BLDG,SCOTTSDALE,33.630481,-111.908581,38,1537,N
04-022289,BLDG,SCOTTSDALE,33.630556,-111.899764,28,1532,U
04-086890,BLDG,SCOTTSDALE,33.630556,-111.92,30,1525,N
04-022293,BLDG,SCOTTSDALE,33.630714,-111.896656,36,1543,U
04-053996,POLE,SCOTTSDALE,33.630806,-111.889536,86,1599,N
04-081917,TOWER,SCOTTSDALE,33.631222,-111.927972,40,1530,N
04-072418,BLDG,SCOTTSDALE,33.631225,-111.927483,83,1565,N
04-023635,BLDG,SCOTTSDALE,33.631339,-111.898808,32,1544,N
04-000772,BLDG,SCOTTSDALE,33.6314,-111.893739,42,1558,N
04-062187,POLE,SCOTTSDALE,33.631558,-111.889908,36,1560,R
04-000460,POLE,SCOTTSDALE,33.631667,-111.895833,70,1585,N
04-062230,POLE,SCOTTSDALE,33.631814,-111.890747,52,1581,R
04-095127,BLDG,SCOTTSDALE,33.631825,-111.894878,38,1550,N
04-081134,BLDG,SCOTTSDALE,33.631897,-111.905225,37,1548,N
04-062204,POLE,SCOTTSDALE,33.631914,-111.890381,72,1614,R
04-020220,TOWER,SCOTTSDALE,33.631919,-111.841344,24,1727,N
04-022288,POLE,SCOTTSDALE,33.632011,-111.902033,23,1534,U
04-052992,TOWER,SCOTTSDALE,33.632103,-111.882231,48,1570,N
04-054016,POLE,SCOTTSDALE,33.632178,-111.889444,86,1602,N
04-022295,POLE,SCOTTSDALE,33.632219,-111.897797,42,1554,U
04-022286,BLDG,SCOTTSDALE,33.632256,-111.902056,25,1536,N
04-062206,POLE,SCOTTSDALE,33.632264,-111.890017,52,1591,R
04-022290,POLE,SCOTTSDALE,33.632533,-111.901408,30,1542,U
04-022291,FENCE,SCOTTSDALE,33.632592,-111.900819,18,1530,U
04-062229,POLE,SCOTTSDALE,33.632733,-111.890703,52,1584,R
04-087886,POLE,SCOTTSDALE,33.632778,-111.928333,205,1705,N
04-022256,FENCE,SCOTTSDALE,33.632803,-111.900503,9,1521,U
04-060868,BLDG,SCOTTSDALE,33.632889,-111.907889,24,1534,N
04-062194,POLE,SCOTTSDALE,33.633017,-111.890367,72,1616,R
04-070123,BLDG,SCOTTSDALE,33.633056,-111.9175,38,1541,N
04-022298,DAM,SCOTTSDALE,33.633161,-111.896478,36,1552,U
04-062205,POLE,SCOTTSDALE,33.633164,-111.890044,54,1598,R
04-022292,POLE,SCOTTSDALE,33.63325,-111.901228,43,1556,U
04-054008,POLE,SCOTTSDALE,33.633392,-111.8894,82,1607,N
04-022297,DAM,SCOTTSDALE,33.633475,-111.898328,35,1551,U
04-062228,POLE,SCOTTSDALE,33.633519,-111.890697,54,1583,R
04-020318,TOWER,SCOTTSDALE,33.633639,-111.853222,24,1693,N
04-022296,DAM,SCOTTSDALE,33.633747,-111.899436,31,1550,U
04-062202,POLE,SCOTTSDALE,33.633928,-111.889881,53,1598,R
04-062227,POLE,SCOTTSDALE,33.634075,-111.890847,47,1575,R
04-062190,POLE,SCOTTSDALE,33.634097,-111.890356,72,1618,R
04-022294,DAM,SCOTTSDALE,33.634175,-111.900856,45,1563,U
04-062226,POLE,SCOTTSDALE,33.634617,-111.890828,47,1578,R
04-062315,TOWER,PHOENIX,33.634833,-112.077056,67,1433,N
04-024114,TOWER,SCOTTSDALE,33.634858,-111.889244,62,1598,N
04-081049,TOWER,SCOTTSDALE,33.635003,-111.884528,65,1604,N
04-062224,POLE,SCOTTSDALE,33.635156,-111.890817,47,1582,R
04-062124,POLE,SCOTTSDALE,33.635183,-111.890331,72,1620,R
04-066208,POLE,SCOTTSDALE,33.635358,-111.878942,30,1569,N
04-062221,POLE,SCOTTSDALE,33.635689,-111.890797,47,1585,R
04-052980,TOWER,SCOTTSDALE,33.63615,-111.910525,45,1585,N
04-062203,POLE,SCOTTSDALE,33.636178,-111.889608,27,1566,R
04-062225,POLE,SCOTTSDALE,33.636231,-111.8908,52,1593,R
04-062127,POLE,SCOTTSDALE,33.636278,-111.890328,72,1625,R
04-072693,BLDG,SCOTTSDALE,33.636344,-111.870733,36,1593,N
04-062197,POLE,SCOTTSDALE,33.636717,-111.889594,27,1567,R
04-022300,BLDG,SCOTTSDALE,33.636936,-111.892783,58,1597,U
04-071340,BLDG,SCOTTSDALE,33.637222,-111.921389,38,1548,N
04-022299,BLDG,SCOTTSDALE,33.637242,-111.896842,55,1589,U
04-062425,TOWER,PHOENIX,33.63725,-112.111581,72,1409,N
04-052978,TOWER,SCOTTSDALE,33.637344,-111.907692,45,1593,N
04-062126,POLE,SCOTTSDALE,33.637358,-111.890317,71,1634,R
04-053781,POLE,SCOTTSDALE,33.637375,-111.915417,65,1600,N
04-082478,TOWER,PHOENIX,33.637961,-112.097094,74,1424,N
04-062129,POLE,SCOTTSDALE,33.638447,-111.890306,72,1642,R
04-023614,TOWER,PHOENIX,33.63875,-112.154792,70,1356,N
04-023841,TOWER,PHOENIX,33.638778,-112.087361,65,1436,N
04-062125,POLE,SCOTTSDALE,33.639531,-111.890325,73,1657,R
04-052603,POLE,SCOTTSDALE,33.639864,-111.848611,28,1808,N
04-085867,BLDG,SCOTTSDALE,33.640028,-111.924656,24,1557,N
04-081927,BLDG,PHOENIX,33.640225,-112.119622,21,1353,N
04-020326,POLE,SCOTTSDALE,33.640256,-111.896069,40,1589,N
04-024115,TOWER,SCOTTSDALE,33.640319,-111.881975,62,1628,N
04-052517,BLDG,SCOTTSDALE,33.640406,-111.864203,36,1648,N
04-080766,POLE,SCOTTSDALE,33.640411,-111.880478,70,1640,N
04-072821,POLE,SCOTTSDALE,33.640419,-111.879844,70,1639,N
04-080903,BLDG,SCOTTSDALE,33.640472,-111.899833,37,1586,N
04-054254,BLDG,SCOTTSDALE,33.640611,-111.901833,47,1597,N
04-022301,POLE,SCOTTSDALE,33.640636,-111.890069,73,1633,U
04-054009,POLE,SCOTTSDALE,33.641033,-111.882564,64,1633,N
04-081998,TOWER,PHOENIX,33.641111,-112.130556,73,1408,N
04-072819,POLE,SCOTTSDALE,33.641167,-111.880661,70,1642,N
04-072820,POLE,SCOTTSDALE,33.641167,-111.879842,70,1642,N
04-023828,TOWER,PHOENIX,33.641222,-112.112444,53,1395,N
04-000776,POLE,SCOTTSDALE,33.641389,-111.943611,60,1570,N
04-000794,TOWER,PHOENIX,33.641389,-112.024444,114,1554,N
04-062155,POLE,SCOTTSDALE,33.641683,-111.890653,74,1663,R
04-066482,TOWER,SCOTTSDALE,33.641761,-111.944117,65,1577,N
04-082104,TOWER,SCOTTSDALE,33.641897,-111.919933,49,1579,N
04-022302,POLE,SCOTTSDALE,33.641903,-111.890233,75,1641,U
04-062192,POLE,SCOTTSDALE,33.641906,-111.890228,50,1636,R
04-072818,POLE,SCOTTSDALE,33.642,-111.879817,70,1647,N
04-072817,POLE,SCOTTSDALE,33.642,-111.880639,70,1647,N
04-072816,POLE,SCOTTSDALE,33.642031,-111.881119,70,1648,N
04-072815,POLE,SCOTTSDALE,33.642047,-111.881844,70,1649,N
04-053997,POLE,SCOTTSDALE,33.642144,-111.883533,64,1639,N
04-022303,POLE,SCOTTSDALE,33.642569,-111.890558,78,1648,U
04-062156,POLE,SCOTTSDALE,33.642658,-111.890925,74,1668,R
04-052481,BLDG,SCOTTSDALE,33.642792,-111.861544,36,1673,N
04-062220,POLE,SCOTTSDALE,33.642794,-111.891417,52,1640,R
04-072814,POLE,SCOTTSDALE,33.642797,-111.879781,70,1652,N
04-066073,BLDG,SCOTTSDALE,33.642836,-111.897847,40,1602,N
04-072812,POLE,SCOTTSDALE,33.642853,-111.881147,70,1653,N
04-072813,POLE,SCOTTSDALE,33.642853,-111.880503,70,1653,N
04-072811,POLE,SCOTTSDALE,33.642853,-111.881842,70,1653,N
04-072810,POLE,SCOTTSDALE,33.642853,-111.882367,70,1654,N
04-022304,T-L TWR,SCOTTSDALE,33.643044,-111.883931,130,1708,U
04-022305,T-L TWR,SCOTTSDALE,33.643164,-111.883736,128,1707,U
04-054017,POLE,SCOTTSDALE,33.643253,-111.884503,64,1644,N
04-080861,TOWER,PHOENIX,33.643333,-112.060797,70,1461,N
04-062130,POLE,SCOTTSDALE,33.643431,-111.890828,52,1646,R
04-023865,TOWER,SCOTTSDALE,33.643558,-111.907183,46,1595,N
04-062165,POLE,SCOTTSDALE,33.643606,-111.891281,74,1672,R
04-072808,POLE,SCOTTSDALE,33.643656,-111.882547,70,1655,N
04-072809,POLE,SCOTTSDALE,33.643656,-111.881786,70,1657,N
04-082249,TOWER,PHOENIX,33.643661,-112.061097,71,1459,N
04-054157,BLDG,SCOTTSDALE,33.643889,-111.898081,38,1608,N
04-053972,BLDG,SCOTTSDALE,33.643889,-111.883056,36,1629,N
04-053998,POLE,SCOTTSDALE,33.643994,-111.885553,55,1639,N
04-054010,POLE,SCOTTSDALE,33.643994,-111.885231,62,1647,N
04-020434,TOWER,SCOTTSDALE,33.644222,-111.811861,180,4151,N
04-062219,POLE,SCOTTSDALE,33.644267,-111.891917,52,1645,R
04-062195,POLE,SCOTTSDALE,33.644278,-111.891167,51,1646,R
04-087215,BLDG,SCOTTSDALE,33.644314,-111.889322,46,1632,N
04-053351,TOWER,SCOTTSDALE,33.644367,-111.812172,180,4163,N
04-062151,POLE,SCOTTSDALE,33.644564,-111.891689,74,1677,R
04-062223,POLE,SCOTTSDALE,33.645,-111.892286,52,1649,R
04-062196,POLE,SCOTTSDALE,33.645106,-111.891567,52,1650,R
04-082493,BLDG,PHOENIX,33.645111,-111.883222,36,1635,N
04-081855,TOWER,SCOTTSDALE,33.645147,-111.886006,64,1655,N
04-087275,BLDG,SCOTTSDALE,33.645403,-111.889889,46,1638,N
04-085503,BLDG,SCOTTSDALE,33.645481,-111.920483,32,1574,N
04-080828,BLDG,SCOTTSDALE,33.6455,-111.883667,30,1628,N
04-085902,BLDG,SCOTTSDALE,33.645575,-111.894028,30,1612,N
04-062222,POLE,SCOTTSDALE,33.645594,-111.893214,40,1622,R
04-062218,POLE,SCOTTSDALE,33.645797,-111.892975,52,1642,R
04-062199,POLE,SCOTTSDALE,33.645908,-111.892028,52,1652,R
04-022306,T-L TWR,SCOTTSDALE,33.645953,-111.886469,132,1725,U
04-022307,T-L TWR,SCOTTSDALE,33.646081,-111.886278,123,1717,U
04-023765,BLDG,SCOTTSDALE,33.646111,-111.923889,54,1596,N
04-052590,BLDG,SCOTTSDALE,33.646122,-111.912919,36,1597,N
04-085084,TOWER,SCOTTSDALE,33.646133,-111.886867,64,1659,N
04-062154,POLE,SCOTTSDALE,33.646367,-111.892733,73,1685,R
04-062159,POLE,SCOTTSDALE,33.646608,-111.892592,57,1670,R
04-081875,TOWER,PHOENIX,33.646611,-112.119375,65,1408,N
04-062201,POLE,SCOTTSDALE,33.646633,-111.892406,52,1651,R
04-085083,T-L TWR,SCOTTSDALE,33.647083,-111.887694,64,1662,N
04-062217,POLE,SCOTTSDALE,33.647094,-111.894278,47,1635,R
04-062162,POLE,SCOTTSDALE,33.647256,-111.893381,71,1684,R
04-062216,POLE,SCOTTSDALE,33.64775,-111.894728,47,1639,R
04-085082,T-L TWR,SCOTTSDALE,33.647989,-111.888483,64,1667,N
04-062200,POLE,SCOTTSDALE,33.648,-111.893019,47,1640,R
04-062167,POLE,SCOTTSDALE,33.648031,-111.894031,70,1682,R
04-020204,POLE,SCOTTSDALE,33.648036,-111.862353,36,1707,N
04-080769,GEN UTIL,SCOTTSDALE,33.648389,-111.886347,9,1616,N
04-080768,GEN UTIL,SCOTTSDALE,33.648444,-111.886267,9,1616,N
04-080770,GEN UTIL,SCOTTSDALE,33.648475,-111.886428,9,1616,N
04-080767,GEN UTIL,SCOTTSDALE,33.648528,-111.886347,9,1616,N
04-062193,POLE,SCOTTSDALE,33.648564,-111.893642,46,1647,R
04-085081,T-L TWR,SCOTTSDALE,33.648597,-111.889014,64,1668,N
04-062215,POLE,SCOTTSDALE,33.648603,-111.895028,52,1654,R
04-062153,POLE,SCOTTSDALE,33.648814,-111.894778,70,1678,R
04-062191,POLE,SCOTTSDALE,33.648981,-111.894519,48,1654,R
04-022270,T-L TWR,SCOTTSDALE,33.648997,-111.888803,124,1732,U
04-085080,T-L TWR,SCOTTSDALE,33.649233,-111.889567,64,1671,N
04-062214,POLE,SCOTTSDALE,33.649275,-111.895681,52,1656,R
04-062163,POLE,SCOTTSDALE,33.649542,-111.895567,70,1678,R
04-085079,T-L TWR,SCOTTSDALE,33.649867,-111.890122,64,1675,N
04-086675,BLDG,SCOTTSDALE,33.650028,-111.907389,31,1622,N
04-062160,POLE,SCOTTSDALE,33.650264,-111.896456,71,1680,R
04-085078,T-L TWR,SCOTTSDALE,33.650733,-111.890878,64,1679,N
04-062164,POLE,SCOTTSDALE,33.650939,-111.897414,71,1683,R
04-052565,BLDG,SCOTTSDALE,33.651111,-111.921111,30,1600,N
04-062158,POLE,SCOTTSDALE,33.651356,-111.897306,57,1666,R
04-062170,POLE,SCOTTSDALE,33.651542,-111.898383,71,1684,R
04-085077,T-L TWR,SCOTTSDALE,33.651708,-111.891728,64,1683,N
04-020019,T-L TWR,SCOTTSDALE,33.651753,-111.891214,122,1741,N
04-087787,BLDG,SCOTTSDALE,33.651889,-111.910722,54,1649,U
04-062152,POLE,SCOTTSDALE,33.652056,-111.899331,71,1687,R
04-071351,BLDG,SCOTTSDALE,33.652056,-111.923056,94,1673,R
04-054158,T-L TWR,SCOTTSDALE,33.652419,-111.892361,69,1690,N
04-054263,POLE,SCOTTSDALE,33.652564,-111.892731,50,1670,N
04-062168,POLE,SCOTTSDALE,33.652581,-111.900442,71,1688,R
04-062157,POLE,SCOTTSDALE,33.652947,-111.901353,71,1687,R
04-085076,T-L TWR,SCOTTSDALE,33.653067,-111.892914,64,1688,N
04-062169,POLE,SCOTTSDALE,33.653317,-111.902406,71,1687,R
04-081158,TOWER,PHOENIX,33.653389,-112.132472,70,1405,N
04-020151,POLE,SCOTTSDALE,33.653414,-111.87865,40,1697,N
04-072719,TOWER,PHOENIX,33.653461,-111.9288,70,1651,N
04-062161,POLE,SCOTTSDALE,33.653603,-111.903406,71,1688,R
04-053205,UTILITY POLE,PHOENIX,33.653608,-112.088961,70,1459,N
04-023798,TOWER,PHOENIX,33.653611,-112.098222,55,1432,N
04-085075,T-L TWR,SCOTTSDALE,33.653642,-111.893414,64,1690,N
04-024031,TOWER,SUN CITY,33.653736,-112.277694,93,1316,N
04-062186,POLE,SCOTTSDALE,33.653758,-111.905281,102,1721,R
04-023739,BLDG,SCOTTSDALE,33.653875,-111.885378,40,1687,N
04-081891,TOWER,PHOENIX,33.653944,-112.082028,68,1467,N
04-062184,POLE,SCOTTSDALE,33.65395,-111.906436,102,1719,R
04-062166,POLE,SCOTTSDALE,33.654103,-111.904308,103,1720,R
04-000784,TOWER,PHOENIX,33.654139,-112.031861,69,1536,N
04-062181,POLE,SCOTTSDALE,33.654139,-111.907597,102,1715,R
04-024121,TOWER,PHOENIX,33.654167,-112.066944,83,1488,N
04-062183,POLE,SCOTTSDALE,33.654292,-111.908344,102,1713,R
04-094880,POLE,DEER VALLEY,33.654417,-112.145167,67,1388,N
04-052624,BLDG,SCOTTSDALE,33.654419,-111.875183,29,1706,N
04-087856,BLDG,PHOENIX,33.654444,-111.943611,63,1628,U
04-052572,BLDG,SCOTTSDALE,33.654444,-111.924167,35,1623,N
04-085701,TOWER,PHOENIX,33.654458,-112.113044,62,1423,N
04-062171,POLE,SCOTTSDALE,33.654503,-111.905872,103,1720,R
04-024117,BLDG,SCOTTSDALE,33.654506,-111.896144,43,1665,N
04-066231,BLDG,SCOTTSDALE,33.654569,-111.887836,35,1685,N
04-062182,POLE,SCOTTSDALE,33.6546,-111.909742,102,1720,R
04-085074,T-L TWR,SCOTTSDALE,33.654606,-111.894256,64,1694,N
04-085700,TOWER,PHOENIX,33.65485,-112.125692,62,1410,N
04-062172,POLE,SCOTTSDALE,33.65485,-111.907603,103,1718,R
04-062180,POLE,SCOTTSDALE,33.654944,-111.911119,102,1720,R
04-052987,POLE,GLENDALE,33.654983,-112.196175,65,1324,N
04-062173,POLE,SCOTTSDALE,33.655028,-111.908356,102,1718,R
04-094054,BLDG,SCOTTSDALE  ARIZ,33.655028,-111.920583,54,1646,N
04-062174,POLE,SCOTTSDALE,33.655253,-111.909692,102,1721,R
04-093720,BLDG,SCOTTSDALE  ARIZ,33.655306,-111.916889,64,1660,N
04-085699,TOWER,PHOENIX,33.655414,-112.125694,73,1421,N
04-062175,POLE,SCOTTSDALE,33.655469,-111.911019,102,1720,R
04-062176,POLE,SCOTTSDALE,33.655506,-111.912422,70,1686,R
04-086877,BLDG,SCOTTSDALE,33.655533,-111.924731,110,1708,N
04-085073,T-L TWR,SCOTTSDALE,33.655572,-111.8951,64,1699,N
04-094140,BLDG,SCOTTSDALE,33.655644,-111.922775,116,1714,N
04-086876,BLDG,SCOTTSDALE,33.655644,-111.923961,128,1726,N
04-062177,POLE,SCOTTSDALE,33.655742,-111.913556,71,1684,R
04-062178,POLE,SCOTTSDALE,33.655967,-111.914647,71,1685,R
04-062179,POLE,SCOTTSDALE,33.656206,-111.915803,70,1686,R
04-082622,BLDG,SCOTTSDALE,33.656206,-111.910867,83,1701,R
04-024116,BLDG,SCOTTSDALE,33.656231,-111.898872,60,1689,N
04-062185,POLE,SCOTTSDALE,33.656442,-111.916919,70,1686,R
04-085069,T-L TWR,SCOTTSDALE,33.656536,-111.895942,64,1704,N
04-082616,BLDG,SCOTTSDALE,33.656553,-111.911619,83,1701,N
04-066525,BLDG,SCOTTSDALE,33.656589,-111.865419,95,1816,N
04-062198,POLE,SCOTTSDALE,33.656681,-111.918058,71,1684,R
04-020313,BLDG,SCOTTSDALE,33.656692,-111.866508,58,1770,N
04-062188,POLE,SCOTTSDALE,33.656914,-111.919203,71,1682,R
04-082477,BLDG,PHOENIX,33.656972,-111.947722,56,1623,N
04-062189,POLE,SCOTTSDALE,33.657131,-111.920236,71,1681,R
04-071661,BLDG,SCOTTSDALE,33.657281,-111.909903,88,1712,R
04-062213,POLE,SCOTTSDALE,33.657292,-111.922269,101,1712,R
04-062208,POLE,SCOTTSDALE,33.657356,-111.921306,69,1683,R
04-087227,TOWER,SUN CITY WEST,33.6575,-112.336,72,1295,N
04-085068,T-L TWR,SCOTTSDALE,33.657503,-111.896783,64,1708,N
04-062212,POLE,SCOTTSDALE,33.657506,-111.923617,102,1710,R
04-062211,POLE,SCOTTSDALE,33.657739,-111.924958,102,1706,R
04-082530,BLDG,PHOENIX,33.657758,-111.951133,66,1635,N
04-080762,BLDG,SCOTTSDALE,33.657783,-111.908714,35,1667,N
04-062207,POLE,SCOTTSDALE,33.657847,-111.922419,102,1715,R
04-079897,BLDG,SCOTTSDALE,33.658058,-111.954133,120,1682,N
04-081207,BLDG,SCOTTSDALE,33.658111,-111.908703,85,1719,R
04-080919,BLDG,PHOENIX,33.658153,-111.957472,112,1677,N
04-062210,POLE,SCOTTSDALE,33.658156,-111.923692,102,1713,R
04-052972,POLE,PHOENIX,33.658325,-112.045875,65,1525,N
04-062209,POLE,SCOTTSDALE,33.658444,-111.924956,102,1709,R
04-085067,T-L TWR,SCOTTSDALE,33.658467,-111.897625,64,1713,N
04-085372,BLDG,PHOENIX,33.658722,-111.932528,65,1660,N
04-085066,T-L TWR,SCOTTSDALE,33.659239,-111.8983,64,1717,N
04-053526,TOWER,PHOENIX,33.659694,-112.0005,100,1613,N
04-085065,T-L TWR,SCOTTSDALE,33.660322,-111.89925,64,1720,N
04-085698,TOWER,PHOENIX,33.660603,-112.125739,64,1419,N
04-094718,BLDG,SCOTTSDALE,33.660733,-111.922464,60,1685,N
04-054160,T-L TWR,SCOTTSDALE,33.661208,-111.900019,64,1726,N
04-085697,TOWER,PHOENIX,33.661264,-112.125747,64,1420,N
04-085559,BLDG,SCOTTSDALE,33.661361,-111.92125,64,1692,N
04-085696,TOWER,PHOENIX,33.661681,-112.125753,64,1420,N
04-082573,BLDG,SCOTTSDALE,33.661781,-111.92135,75,1708,N
04-085695,TOWER,PHOENIX,33.661961,-112.126353,62,1418,N
04-085694,TOWER,PHOENIX,33.661961,-112.126839,68,1423,N
04-085693,TOWER,PHOENIX,33.661964,-112.127503,59,1414,N
04-085692,TOWER,PHOENIX,33.661967,-112.128186,55,1410,N
04-085691,TOWER,PHOENIX,33.661972,-112.129572,55,1407,N
04-085690,TOWER,PHOENIX,33.661975,-112.130239,55,1406,N
04-085689,TOWER,PHOENIX,33.661981,-112.131669,55,1403,N
04-085688,TOWER,PHOENIX,33.661983,-112.132439,55,1402,N
04-085063,T-L TWR,SCOTTSDALE,33.662172,-111.900861,64,1730,N
04-054159,T-L TWR,SCOTTSDALE,33.662706,-111.900808,119,1787,N
04-020180,TOWER,SCOTTSDALE,33.662842,-111.850917,26,1861,N
04-081853,TOWER,SCOTTSDALE,33.663061,-111.901636,64,1733,N
04-094776,POLE,SCOTTSDALE,33.663556,-111.866861,20,1810,N
04-055434,ANTENNA,SUN CITY WEST,33.663958,-112.357022,55,1298,N
04-081852,TOWER,SCOTTSDALE,33.663969,-111.902431,64,1737,N
04-052504,TOWER,PHOENIX,33.664153,-112.112436,78,1459,N
04-081850,TOWER,SCOTTSDALE,33.664839,-111.903189,64,1740,N
04-020248,TOWER,SCOTTSDALE,33.664881,-111.874178,24,1786,N
04-094332,BLDG,SCOTTSDALE,33.665,-111.924722,20,1661,N
04-094117,POLE,PHOENIX,33.6655,-112.13475,41,1390,U
04-081848,TOWER,SCOTTSDALE,33.665725,-111.903964,64,1745,N
04-020933,POLE,PHOENIX,33.666439,-112.114097,166,1548,U
04-081849,TOWER,SCOTTSDALE,33.666614,-111.904739,64,1750,N
04-081842,TOWER,SCOTTSDALE,33.667489,-111.905503,64,1754,N
04-052578,TOWER,SCOTTSDALE,33.668303,-111.857839,26,1931,N
04-081847,TOWER,SCOTTSDALE,33.668389,-111.906289,64,1758,N
04-081124,TOWER,GLENDALE,33.668492,-112.144486,58,1391,N
04-085558,BLDG,SCOTTSDALE,33.668578,-111.9237,48,1713,N
04-081203,TOWER,PHOENIX,33.668686,-112.09,70,1486,N
04-081846,TOWER,SCOTTSDALE,33.669275,-111.907061,64,1761,N
04-020930,POLE,PHOENIX,33.669567,-112.113869,159,1541,U
04-054228,POLE,PHOENIX,33.669639,-112.120381,75,1452,N
04-081841,TOWER,SCOTTSDALE,33.670186,-111.907858,64,1765,N
04-000599,TOWER,PEORIA,33.670278,-112.116667,84,1466,N
04-020218,TOWER,SCOTTSDALE,33.670472,-111.856839,24,1951,N
04-000741,TOWER,GLENDALE,33.670625,-112.157378,83,1396,N
04-020928,POLE,PHOENIX,33.671139,-112.112742,151,1542,U
04-081844,TOWER,SCOTTSDALE,33.671203,-111.908747,64,1773,N
04-079888,POLE,PHOENIX,33.671344,-112.108744,38,1433,N
04-081845,TOWER,SCOTTSDALE,33.672006,-111.909447,64,1774,N
04-080641,TOWER,PHOENIX,33.672111,-112.100361,68,1474,N
04-020267,TOWER,SCOTTSDALE,33.672189,-111.854614,26,1987,N
04-094881,BLDG,PHOENIX,33.672286,-112.109153,44,1441,U
04-094827,BLDG,PHOENIX,33.6723,-112.110675,44,1441,U
04-087172,T-L TWR,SCOTTSDALE,33.67285,-111.925242,68,1747,N
04-081843,T-L TWR,SCOTTSDALE,33.672947,-111.910269,64,1779,N
04-053650,TOWER,SCOTTSDALE,33.673056,-111.874222,26,1894,N
04-081279,BLDG,SCOTTSDALE,33.673694,-111.875278,29,1887,N
04-087173,T-L TWR,SCOTTSDALE,33.673794,-111.925222,68,1753,N
04-081840,TOWER,SCOTTSDALE,33.673836,-111.911044,64,1782,N
04-020265,TOWER,SCOTTSDALE,33.673889,-111.850667,26,2030,N
04-000818,TOWER,PHOENIX,33.674444,-112.0125,72,1600,N
04-094826,BLDG,PHOENIX,33.674578,-112.10915,44,1445,U
04-020719,POLE,PHOENIX,33.674639,-112.057008,116,1600,U
04-094233,BLDG,PHOENIX,33.674761,-112.110711,44,1443,U
04-087174,T-L TWR,SCOTTSDALE,33.674786,-111.925225,68,1758,N
04-081839,TOWER,SCOTTSDALE,33.6748,-111.911886,64,1787,N
04-087209,T-L TWR,SCOTTSDALE,33.675722,-111.925225,68,1763,N
04-081838,TOWER,SCOTTSDALE,33.675744,-111.912711,64,1792,N
04-024090,BLDG,SCOTTSDALE,33.675872,-111.896525,18,1795,N
04-052607,BLDG,SCOTTSDALE,33.675978,-111.849508,30,2063,N
04-087102,POLE,DEER VALLEY,33.676625,-112.116772,75,1473,N
04-081851,TOWER,SCOTTSDALE,33.676633,-111.913489,64,1796,N
04-081161,TOWER,PHOENIX,33.6771,-112.113639,70,1470,N
04-082091,TOWER,PHOENIX,33.677269,-112.034103,64,1595,N
04-080857,POLE,PHOENIX,33.6775,-112.006111,100,1650,N
04-081837,TOWER,SCOTTSDALE,33.677522,-111.914264,64,1800,N
04-087211,T-L TWR,SCOTTSDALE,33.677639,-111.92525,68,1776,N
04-087101,POLE,DEER VALLEY,33.677656,-112.117492,75,1478,N
04-023829,TOWER,PHOENIX,33.677667,-111.969667,73,1688,N
04-085109,BLDG,PHOENIX,33.677778,-112.090278,45,1474,N
04-053008,POLE,PHOENIX,33.677783,-112.007497,100,1650,N
04-085327,BLDG,PHOENIX,33.6778,-112.036467,24,1571,N
04-071214,BLDG,PHOENIX  AZ,33.677828,-112.113786,20,1416,N
04-087073,BLDG,PHOENIX,33.677931,-112.087325,46,1480,N
04-082146,BLDG,PHOENIX,33.678056,-112.065,28,1487,N
04-086238,BLDG,PHOENIX,33.678056,-112.088889,46,1481,N
04-055496,BLDG,PHOENIX,33.678056,-112.064167,34,1495,N
04-020266,TOWER,SCOTTSDALE,33.678128,-111.843731,26,2210,N
04-094896,POLE,DEER VALLEY,33.678278,-112.091611,65,1503,N
04-020181,TOWER,SCOTTSDALE,33.678442,-111.869864,24,1965,N
04-081836,TOWER,SCOTTSDALE,33.678486,-111.915106,64,1804,N
04-087212,T-L TWR,SCOTTSDALE,33.678564,-111.925253,68,1780,N
04-000395,TANK,PHOENIX,33.678572,-112.096756,155,1580,R
04-000398,STACK,PHOENIX,33.678611,-112.064167,104,1566,R
04-085108,BLDG,PHOENIX,33.678611,-112.090278,45,1477,N
04-020217,TOWER,SCOTTSDALE,33.678722,-111.881289,24,1900,N
04-087072,BLDG,PHOENIX,33.679081,-112.087289,46,1480,N
04-086237,BLDG,PHOENIX,33.679167,-112.088889,46,1481,N
04-020720,POLE,PHOENIX,33.679169,-112.056983,105,1606,U
04-081835,TOWER,SCOTTSDALE,33.679375,-111.915883,64,1808,N
04-087147,T-L TWR,SCOTTSDALE,33.679433,-111.925253,68,1785,N
04-086236,BLDG,PHOENIX,33.679514,-112.090172,45,1479,N
04-085107,BLDG,PHOENIX,33.68,-112.090556,45,1480,N
04-020721,POLE,PHOENIX,33.680167,-112.056975,114,1619,U
04-087100,POLE,DEER VALLEY,33.680203,-112.117581,75,1473,N
04-087148,T-L TWR,SCOTTSDALE,33.680267,-111.925253,68,1790,N
04-081834,TOWER,SCOTTSDALE,33.680306,-111.916694,64,1814,N
04-000400,POLE,PHOENIX,33.680397,-112.044542,44,2109,R
04-087149,T-L TWR,SCOTTSDALE,33.681092,-111.925256,68,1795,N
04-081815,TOWER,SCOTTSDALE,33.681147,-111.917431,64,1817,N
04-085045,VERTICAL STRUCTURE,PHOENIX,33.681267,-112.073519,25,1485,N
04-085044,BLDG,PHOENIX,33.681336,-112.073397,16,1476,N
04-082526,TOWER,PHOENIX,33.681428,-112.080981,80,1526,N
04-020216,TOWER,SCOTTSDALE,33.681817,-111.878103,24,1951,N
04-087150,T-L TWR,SCOTTSDALE,33.681906,-111.925256,68,1802,N
04-081831,TOWER,SCOTTSDALE,33.682036,-111.918208,64,1820,N
04-020918,POLE,PHOENIX,33.682144,-112.056961,109,1602,U
04-020215,TOWER,SCOTTSDALE,33.682431,-111.868417,26,2018,N
04-020780,POLE,PHOENIX,33.682875,-112.044397,31,1762,U
04-080748,BLDG,PHOENIX,33.682911,-112.098831,56,1484,N
04-081827,TOWER,SCOTTSDALE,33.682925,-111.918983,64,1827,N
04-066709,TOWER,GLENDALE,33.68295,-112.135956,70,1442,N
04-020310,BLDG-TWR,PHOENIX,33.682981,-112.064622,120,1595,N
04-054051,BLDG,PHOENIX,33.683072,-112.073861,31,1492,N
04-054065,BLDG,PHOENIX,33.683089,-112.072261,31,1492,N
04-020920,POLE,PHOENIX,33.683169,-112.055483,106,1589,U
04-054061,BLDG,PHOENIX,33.683228,-112.073064,32,1493,N
04-054070,BLDG,PHOENIX,33.683344,-112.073861,32,1493,N
04-054069,BLDG,PHOENIX,33.683361,-112.072264,32,1493,N
04-087098,POLE,DEER VALLEY,33.683642,-112.117633,75,1479,N
04-087099,POLE,DEER VALLEY,33.683653,-112.116917,75,1478,N
04-087097,POLE,DEER VALLEY,33.683661,-112.132881,75,1459,N
04-094897,POLE,DEER VALLEY,33.683669,-112.119,65,1465,N
04-087806,POLE,DEER VALLEY,33.683694,-112.131444,67,1460,N
04-087808,POLE,DEER VALLEY,33.683694,-112.125806,65,1453,N
04-087807,POLE,DEER VALLEY,33.683694,-112.128528,65,1456,N
04-087809,POLE,DEER VALLEY,33.683694,-112.122833,65,1459,N
04-066110,POLE,PHOENIX,33.683925,-112.119917,35,1422,N
04-020753,TOWER,PHOENIX,33.684036,-112.079764,56,1514,U
04-020913,POLE,PHOENIX,33.684086,-112.062778,52,1551,U
04-020722,POLE,PHOENIX,33.684103,-112.044322,59,1644,U
04-020895,POLE,PHOENIX,33.684131,-112.045258,71,1664,U
04-020778,POLE,PHOENIX,33.684131,-112.045256,69,1662,U
04-020758,BLDG,PHOENIX,33.684556,-112.095503,59,1495,U
04-020746,POLE,PHOENIX,33.684706,-112.100067,39,1468,U
04-020888,POLE,PHOENIX,33.684786,-112.134625,131,1505,U
04-053110,BLDG,PHOENIX,33.685,-112.037222,52,1578,N
04-020742,POLE,PHOENIX,33.685028,-112.099536,37,1467,U
04-020757,BLDG,PHOENIX,33.685092,-112.094458,35,1475,U
04-020755,POLE,PHOENIX,33.685203,-112.093928,33,1474,U
04-020754,POLE,PHOENIX,33.685206,-112.093536,37,1479,U
04-020723,POLE,PHOENIX,33.68525,-112.100036,41,1471,U
04-020894,POLE,PHOENIX,33.685331,-112.063178,25,1566,U
04-020756,POLE,PHOENIX,33.685372,-112.094325,36,1477,U
04-000402,POLE,PHOENIX,33.685406,-112.062356,41,1619,R
04-020881,TOWER,PHOENIX,33.685483,-112.105461,80,1499,N
04-020724,CTRL TWR,PHOENIX,33.685564,-112.082108,83,1539,R
04-020743,POLE,PHOENIX,33.6856,-112.099717,39,1470,U
04-020747,SIGN,PHOENIX,33.685619,-112.100236,48,1478,U
04-020752,POLE,PHOENIX,33.685619,-112.084756,41,1496,U
04-020910,SIGN,PHOENIX,33.685619,-112.065997,47,1525,U
04-020750,POLE,PHOENIX,33.685692,-112.083308,46,1501,U
04-020900,POLE,PHOENIX,33.685697,-112.0833,63,1518,U
04-020738,BLDG,PHOENIX,33.685708,-112.091256,19,1464,U
04-020748,POLE,PHOENIX,33.685747,-112.082492,42,1498,U
04-020749,POLE,PHOENIX,33.685817,-112.081383,42,1499,U
04-020736,BLDG,PHOENIX,33.685861,-112.088725,13,1464,U
04-020735,BLDG,PHOENIX,33.685872,-112.087903,12,1465,U
04-020751,POLE,PHOENIX,33.685933,-112.080692,41,1499,U
04-020901,POLE,PHOENIX,33.686311,-112.079719,37,1498,U
04-020903,POLE,PHOENIX,33.686417,-112.077747,36,1501,U
04-020725,BLDG,PHOENIX,33.686761,-112.073128,50,1522,R
04-020764,POLE,PHOENIX,33.686803,-112.065836,36,1522,U
04-020883,POLE,PHOENIX,33.687036,-112.108569,71,1486,U
04-020726,POLE,PHOENIX,33.687131,-112.049817,98,1595,U
04-020761,POLE,PHOENIX,33.687158,-112.067122,18,1498,U
04-020762,POLE,PHOENIX,33.687183,-112.066497,24,1507,U
04-020862,SIGN,PHOENIX,33.687325,-112.084747,2,1460,U
04-020731,POLE,PHOENIX,33.687417,-112.065914,28,1536,U
04-020887,POLE,PHOENIX,33.687447,-112.134636,118,1522,U
04-020727,POLE,PHOENIX,33.687492,-112.100081,32,1465,U
04-020874,SIGN,PHOENIX,33.687511,-112.089394,2,1453,U
04-020737,POLE,PHOENIX,33.687594,-112.090561,7,1457,R
04-052579,TOWER,SCOTTSDALE,33.687669,-111.890278,36,1939,N
04-053682,POLE,PHOENIX,33.687831,-111.985825,55,1681,N
04-020785,SIGN,PHOENIX,33.687925,-112.074397,4,1476,U
04-020745,POLE,PHOENIX,33.687986,-112.100078,44,1478,U
04-020771,POLE,PHOENIX,33.688011,-112.048628,98,1605,U
04-020825,SIGN,PHOENIX,33.688092,-112.079558,4,1469,U
04-020740,BLDG,PHOENIX,33.688097,-112.099444,27,1462,U
04-020739,BLDG,PHOENIX,33.688147,-112.097689,28,1466,U
04-020741,POLE,PHOENIX,33.688183,-112.099761,40,1474,U
04-000714,BLDG,PHOENIX,33.688217,-112.098475,26,1463,N
04-020744,POLE,PHOENIX,33.688283,-112.100078,38,1472,U
04-000713,BLDG,PHOENIX,33.688353,-112.098883,24,1460,N
04-020734,POLE,PHOENIX,33.688358,-112.085267,21,1482,U
04-020760,BLDG,PHOENIX,33.688444,-112.096983,28,1467,U
04-020759,BLDG,PHOENIX,33.68845,-112.096583,25,1465,U
04-020733,POLE,PHOENIX,33.688492,-112.084781,22,1484,R
04-020788,SIGN,PHOENIX,33.6885,-112.074783,3,1476,U
04-020861,POLE,PHOENIX,33.6885,-112.084781,20,1479,U
04-020732,POLE,PHOENIX,33.688542,-112.076356,4,1476,R
04-080784,BLDG,PHOENIX,33.688569,-112.10575,37,1459,N
04-020869,SIGN,PHOENIX,33.688589,-112.087864,2,1458,U
04-052921,BLDG,PHOENIX,33.688608,-112.094694,21,1466,N
04-052906,BLDG,PHOENIX,33.688622,-112.095128,21,1466,N
04-071797,TOWER,PHOENIX,33.68875,-112.041139,103,1625,N
04-020867,SIGN,PHOENIX,33.688836,-112.087317,1,1459,U
04-020876,GEN UTIL,PHOENIX,33.688844,-112.089528,4,1457,U
04-052927,BLDG,PHOENIX,33.688897,-112.094697,21,1466,N
04-052928,BLDG,PHOENIX,33.688919,-112.095047,21,1466,N
04-020871,SIGN,PHOENIX,33.689003,-112.089125,3,1458,U
04-020829,SIGN,PHOENIX,33.689028,-112.080169,4,1469,U
04-052922,BLDG,PHOENIX,33.689036,-112.093958,22,1468,N
04-052907,BLDG,PHOENIX,33.689036,-112.094122,22,1468,N
04-052905,BLDG,PHOENIX,33.689061,-112.094611,22,1468,N
04-052920,BLDG,PHOENIX,33.689064,-112.094389,22,1468,N
04-020728,POLE,PHOENIX,33.689114,-112.073497,13,1488,U
04-052923,BLDG,PHOENIX,33.689131,-112.094122,22,1468,N
04-052929,BLDG,PHOENIX,33.689131,-112.093956,22,1468,N
04-020865,SIGN,PHOENIX,33.689142,-112.086853,2,1461,U
04-020863,SIGN,PHOENIX,33.6892,-112.085339,2,1464,U
04-020889,NAVAID,PHOENIX,33.689225,-112.073447,13,1488,U
04-020882,POLE,PHOENIX,33.689286,-112.108578,65,1483,U
04-020787,SIGN,PHOENIX,33.689297,-112.074842,3,1477,U
04-020854,SIGN,PHOENIX,33.689392,-112.082056,6,1469,U
04-020875,GEN UTIL,PHOENIX,33.689464,-112.089578,3,1456,U
04-020837,SIGN,PHOENIX,33.689508,-112.080606,3,1468,U
04-020830,SIGN,PHOENIX,33.689533,-112.080225,2,1469,U
04-020805,NAVAID,PHOENIX,33.689547,-112.077194,4,1475,U
04-020791,SIGN,PHOENIX,33.689553,-112.074989,3,1478,U
04-020811,SIGN,PHOENIX,33.689581,-112.078781,4,1472,U
04-052925,BLDG,PHOENIX,33.6896,-112.094392,22,1468,N
04-052926,BLDG,PHOENIX,33.689608,-112.094664,22,1468,N
04-020864,GEN UTIL,PHOENIX,33.689608,-112.086881,1,1461,U
04-094886,BLDG,PHOENIX,33.689611,-112.094039,24,1468,N
04-020872,SIGN,PHOENIX,33.689619,-112.089181,2,1457,U
04-062258,SIGN,PHOENIX,33.689642,-112.11215,48,1461,N
04-020786,GEN UTIL,PHOENIX,33.689694,-112.074569,3,1479,U
04-020848,POLE,PHOENIX,33.689736,-112.081789,3,1467,U
04-020877,SIGN,PHOENIX,33.6898,-112.089664,1,1456,U
04-020838,SIGN,PHOENIX,33.689817,-112.080675,5,1470,U
04-094993,BLDG,PHOENIX,33.689822,-112.094028,35,1483,U
04-020790,SIGN,PHOENIX,33.689842,-112.074942,3,1478,U
04-020820,SIGN,PHOENIX,33.689889,-112.0794,3,1471,U
04-020814,SIGN,PHOENIX,33.689925,-112.078875,4,1473,U
04-020866,SIGN,PHOENIX,33.690028,-112.087006,2,1461,U
04-020834,SIGN,PHOENIX,33.690036,-112.080311,4,1470,U
04-020890,POLE,PHOENIX,33.690122,-112.065789,43,1530,U
04-020763,POLE,PHOENIX,33.690247,-112.066158,39,1526,U
04-053304,BLDG,PHOENIX,33.690339,-112.101344,24,1459,N
04-020789,SIGN,PHOENIX,33.690347,-112.074964,5,1480,U
04-020772,POLE,PHOENIX,33.690403,-112.048647,101,1603,U
04-020784,SIGN,PHOENIX,33.690478,-112.074439,3,1480,U
04-020828,SIGN,PHOENIX,33.690556,-112.080258,4,1472,U
04-020891,POLE,PHOENIX,33.690558,-112.065786,48,1536,U
04-020816,SIGN,PHOENIX,33.690583,-112.078964,3,1473,U
04-020795,SIGN,PHOENIX,33.690619,-112.075653,4,1479,U
04-000715,BLDG,PHOENIX,33.690719,-112.097742,24,1462,N
04-020868,POLE,PHOENIX,33.690806,-112.087739,61,1521,U
04-020870,POLE,PHOENIX,33.690808,-112.088817,63,1521,U
04-020878,POLE,PHOENIX,33.690814,-112.089833,57,1514,U
04-020851,POLE,PHOENIX,33.690836,-112.082125,32,1500,U
04-020845,POLE,PHOENIX,33.690839,-112.081531,33,1501,U
04-020730,POLE,PHOENIX,33.690839,-112.082125,30,1498,U
04-020841,POLE,PHOENIX,33.690842,-112.080939,33,1502,U
04-020810,GEN UTIL,PHOENIX,33.690847,-112.078522,4,1476,U
04-020827,POLE,PHOENIX,33.69085,-112.080053,33,1503,U
04-020819,POLE,PHOENIX,33.690856,-112.079461,34,1503,U
04-020729,POLE,PHOENIX,33.690858,-112.079314,32,1502,U
04-020855,SIGN,PHOENIX,33.690897,-112.082492,4,1471,U
04-020860,FENCE,PHOENIX,33.690906,-112.083522,4,1470,U
04-020856,BLDG,PHOENIX,33.690967,-112.082736,10,1477,U
04-020892,POLE,PHOENIX,33.690994,-112.065786,35,1525,U
04-020806,POLE,PHOENIX,33.691006,-112.078128,24,1496,U
04-000397,POLE,PHOENIX,33.691072,-112.062478,38,1660,R
04-020859,NAVAID,PHOENIX,33.691097,-112.083233,36,1503,U
04-020850,POLE,PHOENIX,33.691106,-112.082092,32,1501,U
04-020846,POLE,PHOENIX,33.691111,-112.081575,32,1502,U
04-020842,POLE,PHOENIX,33.691114,-112.080983,32,1502,U
04-020832,POLE,PHOENIX,33.691119,-112.080389,33,1503,U
04-020823,POLE,PHOENIX,33.691122,-112.079797,34,1504,U
04-020817,POLE,PHOENIX,33.691125,-112.079281,32,1504,U
04-020798,SIGN,PHOENIX,33.691203,-112.076494,6,1480,U
04-020879,BLDG,PHOENIX,33.691225,-112.092608,36,1487,U
04-020873,NAVAID,PHOENIX,33.691242,-112.089378,23,1480,U
04-085096,BLDG,PHONEIX,33.691269,-112.091919,32,1484,N
04-085095,BLDG,PHONEIX,33.691269,-112.0922,32,1484,N
04-059170,TOWER,PHOENIX,33.691322,-112.022517,62,1618,N
04-020899,POLE,PHOENIX,33.691375,-112.013989,61,1635,U
04-059171,TOWER,PHOENIX,33.691394,-112.003486,62,1667,N
04-020849,POLE,PHOENIX,33.691422,-112.082092,33,1503,U
04-020844,POLE,PHOENIX,33.691425,-112.081572,34,1505,U
04-020840,POLE,PHOENIX,33.691431,-112.080983,33,1504,U
04-020831,POLE,PHOENIX,33.691433,-112.080392,32,1504,U
04-020822,POLE,PHOENIX,33.691436,-112.0798,34,1506,U
04-020818,POLE,PHOENIX,33.691439,-112.079508,34,1507,U
04-020858,FENCE,PHOENIX,33.691467,-112.082986,3,1471,U
04-020774,POLE,PHOENIX,33.691692,-112.048636,100,1608,U
04-020880,BLDG,PHOENIX,33.691717,-112.092772,37,1488,U
04-020839,BLDG,PHOENIX,33.691722,-112.080922,26,1498,U
04-020797,BLDG,PHOENIX,33.691733,-112.076206,23,1499,U
04-020853,BLDG,PHOENIX,33.691769,-112.082247,23,1493,U
04-020843,BLDG,PHOENIX,33.691775,-112.081272,23,1495,U
04-020835,BLDG,PHOENIX,33.691778,-112.080481,20,1492,U
04-020826,BLDG,PHOENIX,33.691781,-112.079869,22,1494,U
04-020809,BLDG,PHOENIX,33.691786,-112.078483,27,1499,U
04-020815,BLDG,PHOENIX,33.691789,-112.079036,24,1495,U
04-020804,BLDG,PHOENIX,33.691792,-112.077067,24,1499,U
04-020801,BLDG,PHOENIX,33.691794,-112.076708,26,1501,U
04-020792,BLDG,PHOENIX,33.691797,-112.075414,24,1501,U
04-085314,BLDG,PHONEIX,33.691839,-112.0922,36,1488,N
04-085312,BLDG,PHOENIX,33.691839,-112.092158,30,1482,N
04-085315,BLDG,PHONEIX,33.691839,-112.091919,36,1488,N
04-085313,BLDG,PHOENIX,33.691839,-112.091958,30,1482,N
04-020139,TOWER,PHOENIX,33.691861,-112.002583,65,1664,N
04-020857,FENCE,PHOENIX,33.691978,-112.082989,4,1473,U
04-020796,BLDG,PHOENIX,33.692069,-112.076025,24,1501,U
04-087121,BLDG,PHOENIX,33.692119,-112.107939,23,1445,N
04-020824,BLDG,PHOENIX,33.692119,-112.079883,21,1494,U
04-020833,BLDG,PHOENIX,33.692119,-112.080483,20,1493,U
04-020808,BLDG,PHOENIX,33.692125,-112.078486,27,1500,U
04-020803,BLDG,PHOENIX,33.692131,-112.077072,26,1501,U
04-020813,BLDG,PHOENIX,33.692131,-112.079039,23,1495,U
04-020800,BLDG,PHOENIX,33.692133,-112.076711,25,1501,U
04-020794,BLDG,PHOENIX,33.692136,-112.0755,24,1502,U
04-020847,BLDG,PHOENIX,33.692139,-112.081728,23,1495,U
04-020852,BLDG,PHOENIX,33.692139,-112.082258,23,1494,U
04-020836,BLDG,PHOENIX,33.692147,-112.080819,22,1494,U
04-081123,BLDG,PHOENIX,33.692419,-112.095483,34,1477,N
04-020821,BLDG,PHOENIX,33.692456,-112.079878,22,1495,U
04-020812,BLDG,PHOENIX,33.692464,-112.079044,23,1496,U
04-020807,BLDG,PHOENIX,33.692464,-112.078489,27,1500,U
04-020902,BLDG,PHOENIX,33.692467,-112.081522,19,1491,U
04-020799,BLDG,PHOENIX,33.692472,-112.076714,26,1502,U
04-020802,BLDG,PHOENIX,33.692472,-112.077053,26,1501,U
04-020793,BLDG,PHOENIX,33.692475,-112.075528,24,1502,U
04-020905,BLDG,PHOENIX,33.692528,-112.079042,21,1494,U
04-020775,POLE,PHOENIX,33.692614,-112.117447,42,1685,U
04-000451,TOWER,PHOENIX,33.692778,-112.003333,262,1864,R
04-020906,BLDG,PHOENIX,33.692792,-112.077117,19,1495,U
04-020907,BLDG,PHOENIX,33.692797,-112.075281,17,1496,U
04-020904,CTRL TWR,PHOENIX,33.692875,-112.083383,154,1624,R
04-020885,POLE,PHOENIX,33.694278,-112.117439,32,1693,U
04-020909,POLE,PHOENIX,33.694586,-112.069664,25,1519,U
04-020884,POLE,PHOENIX,33.694731,-112.117447,35,1711,U
04-020776,POLE,PHOENIX,33.694739,-112.117439,30,1713,U
04-000394,TOWER,PHOENIX,33.694772,-112.117789,66,1741,N
04-020893,SIGN,PHOENIX,33.694814,-112.066022,54,1556,U
04-084481,BLDG,PHOENIX,33.694881,-112.075572,48,1536,N
04-084486,BLDG,PHOENIX,33.694883,-112.074622,48,1537,N
04-084485,BLDG,PHOENIX,33.694883,-112.074956,48,1537,N
04-084490,BLDG,PHOENIX,33.694906,-112.076525,48,1534,N
04-084489,BLDG,PHOENIX,33.694906,-112.07705,48,1534,N
04-084480,BLDG,PHOENIX,33.694908,-112.076031,48,1536,N
04-084475,BLDG,PHOENIX,33.694919,-112.078003,48,1531,N
04-084476,BLDG,PHOENIX,33.694922,-112.077661,48,1531,N
04-020886,POLE,PHOENIX,33.695056,-112.118175,15,1712,U
04-084474,BLDG,PHOENIX,33.695133,-112.078292,48,1531,N
04-023923,BLDG,PHOENIX,33.695208,-112.07255,30,1525,N
04-000506,TOWER,PHOENIX,33.695281,-112.119067,90,1769,R
04-024128,BLDG,PHOENIX,33.695306,-112.084592,36,1508,N
04-066524,BLDG,PHOENIX,33.695556,-112.071667,45,1541,N
04-066523,BLDG,PHOENIX,33.695667,-112.070556,38,1536,N
04-052945,BLDG,PHOENIX,33.695683,-112.067553,45,1545,N
04-020912,POLE,PHOENIX,33.696358,-112.065353,32,1548,U
04-020911,POLE,PHOENIX,33.696422,-112.067292,21,1541,U
04-084484,BLDG,PHOENIX,33.696633,-112.074642,48,1537,N
04-085681,BLDG,PHOENIX,33.696656,-112.078939,45,1528,N
04-085405,BLDG,PHOENIX,33.696667,-112.108889,27,1444,N
04-081054,BLDG,CITY OF PHOENIX,33.696683,-112.089583,28,1484,N
04-084482,BLDG,PHOENIX,33.696717,-112.074939,48,1537,N
04-084483,BLDG,PHOENIX,33.696739,-112.074778,48,1537,N
04-086802,BLDG,PHOENIX,33.696783,-112.070389,38,1542,N
04-086800,BLDG,PHOENIX,33.696786,-112.068089,38,1550,N
04-086801,BLDG,PHOENIX,33.6968,-112.069275,38,1545,N
04-020908,TANK,PHOENIX,33.697239,-112.073092,69,1562,U
04-084479,BLDG,PHOENIX,33.697336,-112.075606,48,1536,N
04-084477,BLDG,PHOENIX,33.697456,-112.076006,48,1536,N
04-084478,BLDG,PHOENIX,33.697475,-112.075767,48,1536,N
04-020896,FENCE,PHOENIX,33.697717,-112.043781,8,1942,U
04-020897,FENCE,PHOENIX,33.697772,-112.043767,6,1942,U
04-000399,POLE,PHOENIX,33.697778,-112.0437,27,1956,R
04-084473,BLDG,PHOENIX,33.697786,-112.077697,48,1531,N
04-084472,BLDG,PHOENIX,33.697786,-112.078294,48,1531,N
04-084487,BLDG,PHOENIX,33.697792,-112.077039,48,1534,N
04-084488,BLDG,PHOENIX,33.697794,-112.076633,48,1534,N
04-082068,BLDG,PHOENIX,33.698028,-112.090778,28,1482,N
04-087278,BLDG,PHOENIX,33.698056,-112.023056,80,1657,N
04-054302,BLDG,PHOENIX,33.69845,-112.074794,38,1530,N
04-052522,BLDG,PHOENIX,33.698628,-112.172292,130,1516,N
04-054306,BLDG,PHOENIX,33.698675,-112.075917,42,1534,N
04-054298,BLDG,PHOENIX,33.698708,-112.077619,38,1530,N
04-094336,BLDG,PHOENIX,33.6989,-112.105425,50,1479,N
04-053850,POLE,PHOENIX,33.698933,-112.074197,65,1560,N
04-020898,POLE,PHOENIX,33.699192,-112.032503,86,1679,U
04-020923,TOWER,PHOENIX,33.699472,-112.055669,48,1950,U
04-063600,BLDG,PHOENIX,33.699597,-112.103919,57,1492,N
04-081127,TOWER,GLENDALE,33.699989,-112.136906,71,1473,N
04-095112,BLDG,PHOENIX,33.702161,-112.066861,32,1548,N
04-082454,BLDG,PHOENIX,33.702719,-112.110961,50,1472,N
04-087258,BLDG,PHOENIX,33.703189,-112.113469,55,1476,N
04-086178,BLDG,PHOENIX,33.703558,-112.084411,23,1501,N
04-086177,BLDG,PHOENIX,33.703781,-112.084292,52,1531,N
04-086173,BLDG,PHOENIX,33.703858,-112.083275,49,1531,N
04-087257,BLDG,PHOENIX,33.704044,-112.109842,55,1482,N
04-020126,TOWER,SCOTTSDALE,33.704717,-111.839369,24,2517,N
04-053988,BLDG,PHOENIX,33.705217,-112.114167,55,1484,N
04-086174,BLDG,PHOENIX,33.705347,-112.083614,46,1529,N
04-079895,T-L TWR,PHOENIX,33.705478,-112.102942,64,1503,N
04-079896,T-L TWR,PHOENIX,33.705481,-112.102019,64,1505,N
04-079890,T-L TWR,PHOENIX,33.705481,-112.102564,65,1504,N
04-024022,TOWER,PHOENIX,33.705972,-112.080556,65,1562,N
04-079891,T-L TWR,PHOENIX,33.706403,-112.102567,64,1505,N
04-020127,TOWER,SCOTTSDALE,33.706875,-111.831833,24,2587,N
04-079892,T-L TWR,PHOENIX,33.707328,-112.102569,64,1507,N
04-079893,T-L TWR,PHOENIX,33.708169,-112.102572,65,1509,N
04-079894,T-L TWR,PHOENIX,33.709219,-112.100419,64,1515,N
04-000396,T-L TWR,PHOENIX,33.709422,-112.065506,117,1680,R
04-020769,POLE,PHOENIX,33.709444,-112.068289,126,1670,U
04-020768,POLE,PHOENIX,33.709483,-112.071281,132,1658,U
04-020770,POLE,PHOENIX,33.709494,-112.062694,127,1687,U
04-020767,POLE,PHOENIX,33.709517,-112.074281,135,1657,U
04-020766,POLE,PHOENIX,33.709544,-112.077044,129,1651,U
04-020773,POLE,PHOENIX,33.709597,-112.059925,117,1695,U
04-020765,POLE,PHOENIX,33.709603,-112.082797,130,1632,U
04-020924,POLE,PHOENIX,33.709631,-112.065528,157,1721,U
04-020922,POLE,PHOENIX,33.709656,-112.068294,152,1695,U
04-020777,POLE,PHOENIX,33.709664,-112.056906,121,1690,U
04-020921,POLE,PHOENIX,33.709694,-112.071294,161,1689,U
04-020925,POLE,PHOENIX,33.709708,-112.062714,166,1727,U
04-066522,UTILITY POLE,PHOENIX,33.709717,-112.065594,34,1595,N
04-020919,POLE,PHOENIX,33.709728,-112.074281,157,1679,U
04-020779,POLE,PHOENIX,33.709736,-112.054086,116,1686,U
04-066447,T-L TWR,PHOENIX,33.709742,-112.075728,150,1675,N
04-020917,POLE,PHOENIX,33.709761,-112.077139,152,1675,U
04-000738,T-L TWR,PHOENIX,33.709778,-112.013667,112,1739,N
04-020926,POLE,PHOENIX,33.709789,-112.059944,159,1739,U
04-020916,POLE,PHOENIX,33.709789,-112.085706,156,1648,U
04-020915,POLE,PHOENIX,33.709792,-112.079969,147,1660,U
04-020931,T-L TWR,PHOENIX,33.709814,-112.051253,119,1679,U
04-020914,POLE,PHOENIX,33.709819,-112.082808,147,1649,U
04-020781,POLE,PHOENIX,33.709836,-112.048297,116,1678,U
04-085023,BLDG,PHOENIX,33.709856,-112.104692,56,1497,N
04-020782,POLE,PHOENIX,33.709875,-112.045375,137,1701,U
04-020927,POLE,PHOENIX,33.709878,-112.056728,139,1711,U
04-020783,POLE,PHOENIX,33.709906,-112.042503,129,1711,U
04-020929,POLE,PHOENIX,33.709953,-112.054108,147,1719,U
04-020932,POLE,PHOENIX,33.710031,-112.051264,156,1717,U
04-020934,POLE,PHOENIX,33.710061,-112.048617,165,1726,U
04-020935,POLE,PHOENIX,33.710086,-112.045483,151,1715,U
04-020936,POLE,PHOENIX,33.710119,-112.042503,151,1733,U
04-066521,UTILITY POLE,PHOENIX,33.710175,-112.065831,45,1610,N
04-020129,TOWER,SCOTTSDALE,33.710333,-111.829283,24,2632,N
04-086797,T-L TWR,PHOENIX,33.710397,-112.079556,160,1675,R
04-086798,T-L TWR,PHOENIX,33.710756,-112.079883,70,1583,N
04-066450,T-L TWR,PHOENIX,33.710781,-112.077078,125,1647,N
04-066448,T-L TWR,PHOENIX,33.7108,-112.075728,125,1650,N
04-066449,T-L TWR,PHOENIX,33.710814,-112.076736,125,1647,N
04-086594,T-L TWR,PHOENIX,33.710822,-112.077394,160,1669,R
04-081936,BLDG,PHOENIX,33.710833,-112.099444,40,1502,N
04-066520,UTILITY POLE,PHOENIX,33.710917,-112.066222,46,1622,N
04-066451,POLE,PHOENIX,33.711258,-112.077072,55,1577,N
04-066452,TOWER,PHOENIX,33.711258,-112.076731,55,1577,N
04-066519,UTILITY POLE,PHOENIX,33.711589,-112.066786,46,1631,N
04-086588,POLE,PHOENIX,33.711597,-112.080733,65,1580,N
04-066423,TOWER,PHOENIX,33.711861,-112.100722,102,1556,U
04-066481,TOWER,SUPRISE,33.711931,-112.370717,54,1409,N
04-066518,UTILITY POLE,PHOENIX,33.712172,-112.067528,46,1626,N
04-082048,TOWER,GLENDALE,33.712403,-112.144106,66,1474,N
04-020128,TOWER,SCOTTSDALE,33.712422,-111.832969,24,2699,N
04-066517,UTILITY POLE,PHOENIX,33.712597,-112.068375,46,1625,N
04-066516,UTILITY POLE,PHOENIX,33.712875,-112.069267,45,1606,N
04-066515,UTILITY POLE,PHOENIX,33.712975,-112.070097,44,1596,N
04-066514,UTILITY POLE,PHOENIX,33.712986,-112.071086,48,1613,N
04-066513,UTILITY POLE,PHOENIX,33.712994,-112.071967,48,1609,N
04-066512,UTILITY POLE,PHOENIX,33.713008,-112.072739,48,1603,N
04-079274,T-L TWR,PHOENIX,33.713022,-112.09965,85,1544,N
04-066510,UTILITY POLE,PHOENIX,33.713031,-112.073525,50,1595,N
04-079280,T-L TWR,PHOENIX,33.71305,-112.075589,65,1606,N
04-079282,T-L TWR,PHOENIX,33.713061,-112.076683,68,1603,N
04-079283,T-L TWR,PHOENIX,33.713072,-112.077761,68,1600,N
04-079275,T-L TWR,PHOENIX,33.713078,-112.097606,82,1545,N
04-079284,T-L TWR,PHOENIX,33.713086,-112.078847,73,1601,N
04-079285,T-L TWR,PHOENIX,33.713097,-112.079847,77,1600,N
04-079276,T-L TWR,PHOENIX,33.7131,-112.095642,75,1544,N
04-079286,T-L TWR,PHOENIX,33.713111,-112.081028,86,1609,N
04-079277,T-L TWR,PHOENIX,33.713111,-112.0947,73,1544,N
04-079278,UTILITY POLE,PHOENIX,33.713117,-112.094094,40,1514,N
04-079279,UTILITY POLE,PHOENIX,33.713119,-112.093828,38,1512,N
04-079287,T-L TWR,PHOENIX,33.713122,-112.082058,82,1604,N
04-079281,T-L TWR,PHOENIX,33.713122,-112.093572,73,1548,N
04-079296,T-L TWR,PHOENIX,33.713125,-112.091139,68,1551,N
04-079295,T-L TWR,PHOENIX,33.713133,-112.090203,68,1553,N
04-079297,T-L TWR,PHOENIX,33.713136,-112.092392,68,1547,N
04-079294,T-L TWR,PHOENIX,33.713142,-112.089467,68,1556,N
04-079293,T-L TWR,PHOENIX,33.713183,-112.088047,68,1560,N
04-079292,T-L TWR,PHOENIX,33.713192,-112.087056,68,1565,N
04-079291,T-L TWR,PHOENIX,33.713206,-112.085883,68,1571,N
04-079290,T-L TWR,PHOENIX,33.713217,-112.084744,68,1573,N
04-079289,T-L TWR,PHOENIX,33.713228,-112.083681,73,1580,N
04-079288,T-L TWR,PHOENIX,33.713239,-112.082583,77,1589,N
04-059155,TOWER,PEORIA,33.713264,-112.324942,109,1437,N
04-079273,T-L TWR,PHOENIX,33.713772,-112.099761,64,1525,N
04-086344,BLDG,PHOENIX,33.713958,-112.099525,39,1502,N
04-086349,BLDG,PHOENIX,33.713961,-112.098403,49,1512,N
04-086345,BLDG,PHOENIX,33.714117,-112.099261,49,1512,N
04-086346,BLDG,PHOENIX,33.714153,-112.098922,52,1515,N
04-080560,POLE,PHOENIX,33.714475,-112.099753,62,1524,N
04-086766,BLDG,PHOENIX,33.714889,-112.097278,50,1517,N
04-086765,BLDG,PHOENIX,33.714894,-112.098058,49,1512,N
04-079271,UTILITY POLE,PHOENIX,33.714972,-112.100561,40,1501,N
04-079272,T-L TWR,PHOENIX,33.714975,-112.100294,65,1526,N
04-086347,BLDG,PHOENIX,33.714978,-112.098992,52,1515,N
04-086772,BLDG,PHOENIX,33.715058,-112.097269,51,1518,N
04-086351,BLDG,PHOENIX,33.715122,-112.099272,47,1510,N
04-086348,BLDG,PHOENIX,33.715172,-112.098417,50,1513,N
04-086771,BLDG,PHOENIX,33.715233,-112.098067,51,1518,N
04-086352,BLDG,PHOENIX,33.715281,-112.099542,39,1502,N
04-086350,BLDG,PHOENIX,33.715283,-112.098417,49,1512,N
04-086770,BLDG,PHOENIX,33.715519,-112.097992,48,1515,N
04-086767,BLDG,PHOENIX,33.715539,-112.097281,48,1515,N
04-086353,BLDG,PHOENIX,33.715828,-112.097989,53,1520,N
04-086354,BLDG,PHOENIX,33.716044,-112.097289,53,1520,N
04-086769,BLDG,PHOENIX,33.716167,-112.097989,40,1507,N
04-086768,BLDG,PHOENIX,33.716183,-112.097294,40,1507,N
04-080557,BLDG,PHOENIX,33.72005,-112.117031,61,1520,N
04-023651,T-L TWR,PHOENIX,33.735278,-112.194722,85,1568,N
04-023779,TOWER,PHOENIX,33.755261,-112.105817,65,1637,N
04-066368,UTILITY POLE,PEORIA,33.768383,-112.249506,45,1534,N
04-066470,POLE,PEORIA,33.769167,-112.249444,40,1543,N
04-066367,T-L TWR,PEORIA,33.769278,-112.249289,55,1547,N
04-066472,POLE,PEORIA,33.769444,-112.249722,56,1557,N
04-087403,TOWER,CAVE CREEK,33.770869,-111.983758,87,1988,U
04-066471,POLE,PEORIA,33.771111,-112.250278,40,1539,N
04-066366,T-L TWR,PEORIA,33.771358,-112.248792,55,1552,N
04-066365,UTILITY POLE,PEORIA,33.772511,-112.248514,43,1545,N
04-066364,UTILITY POLE,PEORIA,33.773256,-112.248333,43,1549,N
04-066363,UTILITY POLE,PEORIA,33.774003,-112.248156,43,1549,N
04-066362,UTILITY POLE,PEORIA,33.774747,-112.247975,43,1552,N
04-066361,UTILITY POLE,PEORIA,33.775492,-112.247797,43,1554,N
04-066360,UTILITY POLE,PEORIA,33.776239,-112.247617,43,1556,N
04-066359,UTILITY POLE,PEORIA,33.776983,-112.247439,43,1558,N
04-066358,UTILITY POLE,PEORIA,33.777731,-112.247261,43,1557,N
04-066357,UTILITY POLE,PEORIA,33.778475,-112.247081,43,1559,N
04-066356,UTILITY POLE,PEORIA,33.779219,-112.246903,43,1565,N
04-066355,UTILITY POLE,PEORIA,33.779911,-112.246736,43,1565,N
04-066354,UTILITY POLE,PEORIA,33.780664,-112.246556,43,1568,N
04-066353,UTILITY POLE,PEORIA,33.781417,-112.246375,43,1572,N
04-066352,UTILITY POLE,PEORIA,33.782169,-112.246194,43,1574,N
04-066351,UTILITY POLE,PEORIA,33.782922,-112.246194,43,1576,N
04-066350,UTILITY POLE,PEORIA,33.783675,-112.245831,43,1578,N
04-066349,UTILITY POLE,PEORIA,33.784428,-112.24565,43,1579,N
04-066348,UTILITY POLE,PEORIA,33.785181,-112.245469,43,1580,N
04-066347,UTILITY POLE,PEORIA,33.785933,-112.245289,43,1579,N
04-066346,UTILITY POLE,PEORIA,33.786686,-112.245108,34,1570,N
04-066345,UTILITY POLE,PEORIA,33.787242,-112.244975,34,1575,N
04-066344,UTILITY POLE,PEORIA,33.788017,-112.244789,43,1587,N
04-066343,UTILITY POLE,PEORIA,33.788789,-112.244603,43,1590,N
04-066342,UTILITY POLE,PEORIA,33.789561,-112.244417,43,1594,N
04-066341,UTILITY POLE,PEORIA,33.790333,-112.244231,43,1596,N
04-066340,UTILITY POLE,PEORIA,33.791108,-112.244047,43,1599,N
04-066339,UTILITY POLE,PEORIA,33.791881,-112.243861,43,1601,N
04-066338,UTILITY POLE,PEORIA,33.792653,-112.243861,43,1603,N
04-066337,UTILITY POLE,PEORIA,33.793425,-112.243489,43,1605,N
04-066336,UTILITY POLE,PEORIA,33.794197,-112.243303,43,1609,N
04-066335,UTILITY POLE,PEORIA,33.794908,-112.243133,43,1612,N
04-066334,UTILITY POLE,PEORIA,33.795647,-112.242956,43,1614,N
04-066333,UTILITY POLE,PEORIA,33.796419,-112.242956,43,1616,N
04-066332,UTILITY POLE,PEORIA,33.797075,-112.242611,43,1618,N
04-066331,UTILITY POLE,PEORIA,33.797669,-112.242467,43,1619,N
04-066330,UTILITY POLE,PEORIA,33.798489,-112.242272,43,1622,N
04-066329,UTILITY POLE,PEORIA,33.799306,-112.242075,43,1623,N
04-066328,UTILITY POLE,PEORIA,33.800122,-112.241881,43,1626,N
04-066327,UTILITY POLE,PEORIA,33.800942,-112.241683,43,1630,N
04-066326,UTILITY POLE,PEORIA,33.801758,-112.241486,43,1633,N
04-053977,TOWER,PHOENIX,33.802444,-112.065081,71,1858,N
04-059581,UTILITY POLE,PEORIA,33.805083,-112.238861,30,1628,N
04-059580,UTILITY POLE,PEORIA,33.805086,-112.237408,30,1623,N
04-059609,UTILITY POLE,PEORIA,33.805661,-112.240864,34,1639,N
04-066400,UTILITY POLE,PEORIA,33.806008,-112.241536,45,1643,N
04-066399,UTILITY POLE,PEORIA,33.806008,-112.242767,45,1648,N
04-059550,UTILITY POLE,PEORIA,33.806331,-112.240489,39,1645,N
04-066398,UTILITY POLE,PEORIA,33.80665,-112.243361,45,1650,N
04-066325,UTILITY POLE,PEORIA,33.806781,-112.241608,43,1649,N
04-059552,UTILITY POLE,PEORIA,33.807214,-112.240258,48,1653,N
04-066397,UTILITY POLE,PEORIA,33.807317,-112.243917,45,1652,N
04-066324,UTILITY POLE,PEORIA,33.807486,-112.2421,43,1654,N
04-066396,UTILITY POLE,PEORIA,33.807986,-112.244464,45,1654,N
04-059556,UTILITY POLE,PEORIA,33.808103,-112.240044,48,1642,N
04-066323,UTILITY POLE,PEORIA,33.808192,-112.242592,43,1656,N
04-066395,UTILITY POLE,PEORIA,33.808658,-112.245006,45,1657,N
04-066322,UTILITY POLE,PEORIA,33.808897,-112.243083,43,1656,N
04-059546,UTILITY POLE,PEORIA,33.808994,-112.239828,48,1644,N
04-066394,UTILITY POLE,PEORIA,33.809333,-112.245544,45,1659,N
04-066321,UTILITY POLE,PEORIA,33.809606,-112.243575,43,1658,N
04-059560,UTILITY POLE,PEORIA,33.809883,-112.239619,48,1647,N
04-066393,UTILITY POLE,PEORIA,33.810008,-112.246083,45,1661,N
04-066320,UTILITY POLE,PEORIA,33.810311,-112.244064,43,1657,N
04-066392,UTILITY POLE,PEORIA,33.810681,-112.246625,45,1662,N
04-059544,UTILITY POLE,PEORIA,33.810775,-112.239417,48,1652,N
04-066319,UTILITY POLE,PEORIA,33.811017,-112.244556,43,1656,N
04-066391,UTILITY POLE,PEORIA,33.811356,-112.247164,45,1664,N
04-059559,UTILITY POLE,PEORIA,33.811664,-112.239211,48,1663,N
04-066318,UTILITY POLE,PEORIA,33.811725,-112.245047,43,1657,N
04-066390,UTILITY POLE,PEORIA,33.812031,-112.247703,45,1666,N
04-066317,UTILITY POLE,PEORIA,33.812431,-112.245539,43,1664,N
04-059561,UTILITY POLE,PEORIA,33.812556,-112.239003,48,1662,N
04-054156,POLE,PHOENIX,33.812694,-112.079972,70,1876,N
04-066389,UTILITY POLE,PEORIA,33.812706,-112.248244,45,1668,N
04-066316,UTILITY POLE,PEORIA,33.813136,-112.246031,43,1669,N
04-066388,UTILITY POLE,PEORIA,33.813381,-112.248781,45,1671,N
04-059558,UTILITY POLE,PEORIA,33.813444,-112.238792,48,1668,N
04-066315,UTILITY POLE,PEORIA,33.813844,-112.246031,43,1671,N
04-066387,UTILITY POLE,PEORIA,33.814056,-112.249322,45,1673,N
04-059548,UTILITY POLE,PEORIA,33.814333,-112.238578,48,1674,N
04-066314,UTILITY POLE,PEORIA,33.81455,-112.247014,43,1676,N
04-066386,UTILITY POLE,PEORIA,33.814728,-112.249861,45,1675,N
04-059562,UTILITY POLE,PEORIA,33.815225,-112.238367,48,1668,N
04-066313,UTILITY POLE,PEORIA,33.815256,-112.247506,43,1678,N
04-053428,POLE,PEORIA,33.815397,-112.239119,65,1693,N
04-066385,TOWER,PEORIA,33.815403,-112.2504,45,1677,N
04-066312,UTILITY POLE,PEORIA,33.815964,-112.247997,43,1679,N
04-066384,TOWER,PEORIA,33.816078,-112.250942,45,1680,N
04-059549,UTILITY POLE,PEORIA,33.816114,-112.238153,48,1674,N
04-066311,UTILITY POLE,PEORIA,33.816669,-112.248489,43,1678,N
04-066383,TOWER,PEORIA,33.81675,-112.250925,45,1682,N
04-059554,UTILITY POLE,PEORIA,33.817003,-112.237942,48,1669,N
04-066310,UTILITY POLE,PEORIA,33.817375,-112.248489,43,1676,N
04-066382,TOWER,PEORIA,33.817425,-112.252019,45,1684,N
04-054318,T-L TWR,CITY OF PEORIA,33.817481,-112.267328,150,1688,N
04-059543,UTILITY POLE,PEORIA,33.817892,-112.237728,48,1668,N
04-066309,UTILITY POLE,PEORIA,33.818083,-112.249472,43,1677,N
04-066381,TOWER,PEORIA,33.8181,-112.252561,45,1686,N
04-054320,T-L TWR,CITY OF PEORIA,33.818133,-112.265672,165,1705,N
04-066380,UTILITY POLE,PEORIA,33.818592,-112.252819,45,1688,N
04-059555,UTILITY POLE,PEORIA,33.818783,-112.237517,48,1676,N
04-066308,UTILITY POLE,PEORIA,33.818789,-112.249964,43,1684,N
04-054321,T-L TWR,CITY OF PEORIA,33.818789,-112.264008,165,1720,N
04-066379,UTILITY POLE,PEORIA,33.819211,-112.253314,45,1691,N
04-066307,UTILITY POLE,PEORIA,33.819494,-112.250456,43,1688,N
04-059578,UTILITY POLE,PEORIA,33.819533,-112.216661,48,1662,N
04-059577,UTILITY POLE,PEORIA,33.819539,-112.217731,48,1659,N
04-059575,UTILITY POLE,PEORIA,33.819544,-112.2188,48,1656,N
04-059576,UTILITY POLE,PEORIA,33.81955,-112.219869,48,1656,N
04-059573,UTILITY POLE,PEORIA,33.819556,-112.220939,48,1653,N
04-059572,UTILITY POLE,PEORIA,33.819558,-112.222011,48,1653,N
04-059571,UTILITY POLE,PEORIA,33.819558,-112.223083,48,1654,N
04-059574,UTILITY POLE,PEORIA,33.819561,-112.22415,48,1681,N
04-059570,UTILITY POLE,PEORIA,33.819561,-112.225256,48,1683,N
04-059568,UTILITY POLE,PEORIA,33.819564,-112.226361,48,1681,N
04-059569,UTILITY POLE,PEORIA,33.819564,-112.227464,48,1679,N
04-059567,UTILITY POLE,PEORIA,33.819567,-112.228569,48,1687,N
04-059566,UTILITY POLE,PEORIA,33.819569,-112.229672,48,1688,N
04-059565,UTILITY POLE,PEORIA,33.819569,-112.230778,48,1688,N
04-059564,UTILITY POLE,PEORIA,33.819572,-112.231883,48,1684,N
04-059563,UTILITY POLE,PEORIA,33.819572,-112.232986,48,1682,N
04-059553,UTILITY POLE,PEORIA,33.819575,-112.235197,48,1690,N
04-059551,UTILITY POLE,PEORIA,33.819575,-112.234094,48,1682,N
04-059547,UTILITY POLE,PEORIA,33.819578,-112.236306,48,1695,N
04-059557,UTILITY POLE,PEORIA,33.819578,-112.237181,48,1695,N
04-059545,UTILITY POLE,PEORIA,33.819669,-112.237303,48,1692,N
04-059579,UTILITY POLE,PEORIA,33.819753,-112.216661,48,1662,N
04-066378,UTILITY POLE,PEORIA,33.819828,-112.253811,45,1692,N
04-066306,UTILITY POLE,PEORIA,33.820203,-112.250947,43,1690,N
04-066377,UTILITY POLE,PEORIA,33.820447,-112.254306,45,1692,N
04-066305,UTILITY POLE,PEORIA,33.820908,-112.251439,43,1693,N
04-066376,UTILITY POLE,PEORIA,33.821086,-112.254817,45,1691,N
04-066304,UTILITY POLE,PEORIA,33.821614,-112.251928,43,1696,N
04-066375,UTILITY POLE,PEORIA,33.821725,-112.255328,45,1686,N
04-066303,UTILITY POLE,PEORIA,33.822322,-112.252419,43,1698,N
04-066374,UTILITY POLE,PEORIA,33.822422,-112.255886,45,1675,N
04-066302,UTILITY POLE,PEORIA,33.822894,-112.252819,27,1684,N
04-066372,UTILITY POLE,PEORIA,33.823119,-112.256444,45,1642,N
04-066301,UTILITY POLE,PEORIA,33.823206,-112.253036,27,1685,N
04-066300,UTILITY POLE,PEORIA,33.823544,-112.253272,27,1686,N
04-066371,UTILITY POLE,PEORIA,33.823817,-112.257003,45,1642,N
04-054317,T-L TWR,PEORIA,33.823928,-112.281364,151,1748,N
04-054316,T-L TWR,PEORIA,33.823975,-112.282986,136,1752,N
04-066299,UTILITY POLE,PEORIA,33.824019,-112.253603,43,1704,N
04-055419,T-L TWR,PEORIA,33.824439,-112.275761,181,1612,N
04-066298,UTILITY POLE,PEORIA,33.8245,-112.253939,43,1706,N
04-066370,UTILITY POLE,PEORIA,33.824514,-112.257561,45,1633,N
04-066297,UTILITY POLE,PEORIA,33.825017,-112.254297,43,1708,N
04-054315,T-L TWR,CITY OF PEORIA,33.825178,-112.288911,160,1762,N
04-066369,TOWER,PEORIA,33.825211,-112.258117,45,1630,N
04-066296,UTILITY POLE,PEORIA,33.825531,-112.254653,43,1708,N
04-054314,T-L TWR,CITY OF PEORIA,33.825903,-112.291078,165,1795,N
04-066295,UTILITY POLE,PEORIA,33.826044,-112.255011,43,1705,N
04-054313,T-L TWR,CITY OF PEORIA,33.826581,-112.2931,145,1801,N
04-066294,UTILITY POLE,PEORIA,33.826594,-112.255394,39,1686,N
04-066293,UTILITY POLE,PEORIA,33.827267,-112.255861,43,1664,N
04-054312,T-L TWR,CITY OF PEORIA,33.827703,-112.296461,180,1833,N
04-066292,UTILITY POLE,PEORIA,33.827972,-112.256353,43,1664,N
04-066291,UTILITY POLE,PEORIA,33.828678,-112.256844,43,1658,N
04-054311,T-L TWR,CITY OF PEORIA,33.828839,-112.299856,150,1858,N
04-066286,UTILITY POLE,PEORIA,33.828992,-112.2595,43,1641,N
04-066287,UTILITY POLE,PEORIA,33.829236,-112.2595,45,1643,N
04-066290,UTILITY POLE,PEORIA,33.829386,-112.257336,43,1648,N
04-054310,T-L TWR,CITY OF PEORIA,33.829586,-112.302097,170,1810,N
04-066288,UTILITY POLE,PEORIA,33.829628,-112.258706,43,1640,N
04-066289,UTILITY POLE,PEORIA,33.830067,-112.257811,45,1646,N
04-054309,T-L TWR,CITY OF PEORIA,33.830358,-112.3044,150,1779,N
04-054308,T-L TWR,CITY OF PEORIA,33.830781,-112.306808,160,1804,N
04-093715,TOWER,PHEONIX,33.836133,-112.323619,180,2068,U
04-020039,TOWER,PEORIA,33.844686,-112.255686,162,1909,N
04-020020,TOWER,PEORIA,33.84675,-112.277361,96,1918,N
04-053716,TOWER,NEW RIVER,33.863906,-112.183986,198,2010,N
04-023916,TOWER,PHOENIX,33.878528,-112.150667,88,2016,N
